store_id,retail_chain,region_name,city_name,address,store_code,store_name,store_format,full_address,lat,lon,geo_precision,geo_found_address,store_key
57d728033c8331624d6f55595cbfd259,Перекресток,Московская обл.,"го.Ленинский, рп.Бутово","142702, Московская обл., го.Ленинский, рп.Бутово, , 8 корп.1",Филиал Центральный,Бутово Парк,B489,"Московская обл., Московская обл., го.Ленинский, рп.Бутово, , 8 корп.1",55.542844,37.584937,near,"Россия, Московская область, Ленинский городской округ, посёлок городского типа Бутово, 14",
ce44f00095182cb9a138b81b6cd5784c,Перекресток,Московская обл.,"го.Одинцовский, п.НИИ Радио","143041, Московская обл., го.Одинцовский, п.НИИ Радио, ,  стр.23Ж",Филиал Центральный,НИИ Радио,B457,"Московская обл., Московская обл., го.Одинцовский, п.НИИ Радио, , стр.23Ж",55.568578,36.997968,exact,"Россия, Московская область, Одинцовский городской округ, посёлок НИИ Радио, 23Ж",
7de939cb3807bf95fb38d77964ca13f9,Перекресток,Краснодарский край,г.Краснодар,"350053, г.Краснодар, Западный Обход ул, , з/у 41/1",Филиал Южный,"Краснодар, Самолет",B539,"Краснодарский край, г.Краснодар, Западный Обход ул, , з/у 41/1",45.09306,38.90652,exact,"Россия, Краснодар, улица Западный Обход, 41/1",
51040bcef9cd128ff4a608c60c5d6726,Перекресток,Свердловская обл.,г.Екатеринбург,"Малышева ул, ,  стр.5",Филиал Уральский,Екатеринбург Алатырь,B559,"Свердловская обл., г.Екатеринбург, Малышева ул, , стр.5",55.701486,37.742555,exact,"Россия, Москва, улица Малышева, 5",
93415326aa187c3ccff9e9f13e63ebd9,Перекресток,Московская обл.,г.Красногорск,"автодорога Балтия тер, 21-й км, ,  стр.1А",Филиал Центральный,Новая Рига,B563,"Московская обл., г.Красногорск, автодорога Балтия тер, 21-й км, , стр.1А",55.715702,37.090064,number,"Россия, Московская область, Одинцовский городской округ, А-106, 21-й километр, 1",
a3b9089763395ffcc66a7323f1260661,Перекресток,Московская обл.,г.Раменское,"140104, г.Раменское, Лучистая ул, , стр.10",Филиал Центральный,Раменское Десантная,B567,"Московская обл., г.Раменское, Лучистая ул, , стр.10",55.566873,38.19642,exact,"Россия, Московская область, Раменское, Лучистая улица, 10",
f1b105449b7b10c49f6c27c1d52a7f1f,Перекресток,Московская обл.,"го.Ленинский,д.Сапроново,ЖК Первый кв-л","142701, го.Ленинский,д.Сапроново,ЖК Первый кв-л, 0, , около д.1",Филиал Центральный,Первый квартал,D856,"Московская обл., го.Ленинский,д.Сапроново,ЖК Первый кв-л, 0, , около д.1",55.530169,37.715156,exact,"Россия, Московская область, Ленинский городской округ, деревня Сапроново, 1",
bae2feb91ed9c2d45ae4bdef2326afac,Перекресток,г. Москва,г.Москва,"119530, г.Москва, Очаковское ш, , з/у 3А/8",Филиал Центральный,ОМА,B548,"г. Москва, г.Москва, Очаковское ш, , з/у 3А/8",55.695185,37.463314,number,"Россия, Москва, Очаковское шоссе, 3А",
,,,,,,,,,,,,,addr:
,,,,,,,,"г. Москва, г. Москва, Перервинский б-р, 4 к.1",55.662151,37.764052,exact,"Россия, Москва, Перервинский бульвар, 4к1","109469, г. Москва, Перервинский б-р, 4 к.1"
,,,,,,,,"г. Москва, г. Москва, Кедрова ул, 7А",55.685442,37.568533,exact,"Россия, Москва, улица Кедрова, 7А","117292, г. Москва, Кедрова ул, 7А"
,,,,,,,,"г. Москва, г. Москва, Балаклавский пр-кт, 5А",55.640533,37.608212,exact,"Россия, Москва, Балаклавский проспект, 5А","117639, г. Москва, Балаклавский пр-кт, 5А"
,,,,,,,,"г. Москва, г. Москва, Профсоюзная ул, 109",55.633002,37.521614,exact,"Россия, Москва, Профсоюзная улица, 109","117647, г. Москва, Профсоюзная ул, 109"
,,,,,,,,"г. Москва, г. Москва, Народного Ополчения ул, 15 стр.5",55.773525,37.473905,exact,"Россия, Москва, улица Народного Ополчения, 15с5","123423, г. Москва, Народного Ополчения ул, 15 стр.5"
,,,,,,,,"г. Санкт-Петербург, г. Санкт-Петербург, Ветеранов пр-кт, 101 к1лАэ1чп11",59.938676,30.314494,other,"Россия, Санкт-Петербург","198261, г. Санкт-Петербург, Ветеранов пр-кт, 101 к1лАэ1чп11"
,,,,,,,,"г. Москва, г. Москва, Адмирала Лазарева ул, 2",55.547036,37.543237,exact,"Россия, Москва, улица Адмирала Лазарева, 2",
,,,,,,,,"г. Москва, г. Москва, Берёзовая аллея, 19 корп.6",55.849443,37.625415,exact,"Россия, Москва, Берёзовая аллея, 19к6",
,,,,,,,,"г. Москва, г. Москва, Вернадского пр-кт, 105 к.3",55.663811,37.484864,exact,"Россия, Москва, проспект Вернадского, 105к3",
,,,,,,,,"г. Москва, г. Москва, Дмитрия Донского б-р, 1",55.574879,37.580113,exact,"Россия, Москва, бульвар Дмитрия Донского, 1",
,,,,,,,,"г. Москва, г. Москва, Крузенштерна ул, 12 к.3,пом.5Н",55.750844,37.706622,exact,"Россия, Москва, улица Крузенштерна, 12к3",
,,,,,,,,"г. Москва, г. Москва, Матвеевская ул, 20",55.702581,37.466655,number,"Россия, Москва, Матвеевская улица, 20к3",
,,,,,,,,"г. Москва, г. Москва, Отрадная ул, 16",55.855012,37.613719,exact,"Россия, Москва, Отрадная улица, 16",
,,,,,,,,"г. Москва, г. Москва, п.Московский, 74 кв-л, 4",55.616,37.42704,near,"Россия, Москва, Новомосковский административный округ, район Коммунарка, квартал № 74, 2с2",
,,,,,,,,"г. Москва, г. Москва, Первомайская ул, 93",55.79393,37.806263,exact,"Россия, Москва, Первомайская улица, 93",
,,,,,,,,"г. Москва, г. Москва, Покровская ул, 18 стр.1",55.701866,37.93165,exact,"Россия, Москва, Покровская улица, 18с1",
,,,,,,,,"г. Москва, г. Москва, Пятницкое ш, 39",55.855153,37.355498,exact,"Россия, Москва, Пятницкое шоссе, 39",
,,,,,,,,"г. Санкт-Петербург, г. Санкт-Петербург, Александра Невского пл, 2 Лит.Е",59.924799,30.38697,exact,"Россия, Санкт-Петербург, площадь Александра Невского, 2Е",
,,,,,,,,"г. Санкт-Петербург, г. Санкт-Петербург, Аптекарский пр-кт, 18 л.Ап.511Н",59.972393,30.320099,street,"Россия, Санкт-Петербург, Аптекарский проспект",
,,,,,,,,"г. Санкт-Петербург, г. Санкт-Петербург, Балканская пл., 5 лит.О,п.1Н",59.830761,30.377421,exact,"Россия, Санкт-Петербург, Балканская площадь, 5литО",
,,,,,,,,"г. Санкт-Петербург, г. Санкт-Петербург, Белы Куна ул, 3 Лит.А",59.870014,30.379325,exact,"Россия, Санкт-Петербург, улица Белы Куна, 3",
,,,,,,,,"г. Санкт-Петербург, г. Санкт-Петербург, Богатырский пр-кт, 54/32 лА,чп1Н",60.006179,30.21063,number,"Россия, Санкт-Петербург, Богатырский проспект, 54/32",
,,,,,,,,"г. Санкт-Петербург, г. Санкт-Петербург, Богатырский пр-т, 7 1,л.А",59.999494,30.283259,number,"Россия, Санкт-Петербург, Богатырский проспект, 7А",
,,,,,,,,"г. Санкт-Петербург, г. Санкт-Петербург, Большая Разночинная ул, 16 лит.А",59.959332,30.290113,exact,"Россия, Санкт-Петербург, Большая Разночинная улица, 16",
,,,,,,,,"г. Санкт-Петербург, г. Санкт-Петербург, Большевиков пр-кт, 27 лит.А",59.90052,30.485874,exact,"Россия, Санкт-Петербург, проспект Большевиков, 27",
,,,,,,,,"г. Санкт-Петербург, г. Санкт-Петербург, Большевиков пр-кт, 32 к.1,л.А",59.895457,30.493366,number,"Россия, Санкт-Петербург, проспект Большевиков, 32к1",
,,,,,,,,"г. Санкт-Петербург, г. Санкт-Петербург, Большой В.О. пр-кт, 68 Лит.А",59.932022,30.260191,exact,"Россия, Санкт-Петербург, Большой проспект Васильевского острова, 68",
,,,,,,,,"г. Санкт-Петербург, г. Санкт-Петербург, Бухарестская ул, 32 лАп2Н,ч.п2",59.892383,30.35993,near,"Россия, Санкт-Петербург, Бухарестская улица, 6",
,,,,,,,,"г. Санкт-Петербург, г. Санкт-Петербург, Бухарестская ул, 89 лА,п1Н-5Н,",59.952497,30.290886,number,"Россия, Санкт-Петербург, Большой проспект Петроградской стороны, 1",
,,,,,,,,"г. Санкт-Петербург, г. Санкт-Петербург, Васи Алексеева ул, 4 с.1,ч.п.35",59.880369,30.264556,number,"Россия, Санкт-Петербург, улица Васи Алексеева, 4",
,,,,,,,,"г. Санкт-Петербург, г. Санкт-Петербург, Ветеранов пр-кт, 169 к4с1п5-Н",59.840356,30.114214,exact,"Россия, Санкт-Петербург, проспект Ветеранов, 169к4",
,,,,,,,,"г. Санкт-Петербург, г. Санкт-Петербург, Выборгское ш., 33 А",60.065543,30.303453,exact,"Россия, Санкт-Петербург, Выборгское шоссе, 33",
,,,,,,,,"г. Санкт-Петербург, г. Санкт-Петербург, Гражданский пр-т, 41 к.2,лит.Б",60.01221,30.398603,exact,"Россия, Санкт-Петербург, Гражданский проспект, 41к2Б",
,,,,,,,,"г. Санкт-Петербург, г. Санкт-Петербург, Дачный пр-кт, 9 к.1л.А,п3Н",59.846554,30.244362,number,"Россия, Санкт-Петербург, Дачный проспект, 9к1",
,,,,,,,,"г. Санкт-Петербург, г. Санкт-Петербург, Доблести ул, 17 к1с1п1Нчп2",59.859763,30.175012,exact,"Россия, Санкт-Петербург, улица Доблести, 17к1",
,,,,,,,,"г. Санкт-Петербург, г. Санкт-Петербург, Долгоозёрная ул, 14 к.2,Лит.А",60.016775,30.246051,exact,"Россия, Санкт-Петербург, Долгоозёрная улица, 14к2",
,,,,,,,,"г. Санкт-Петербург, г. Санкт-Петербург, Думская ул, 4 лА,ч.п.01Н",59.933113,30.328337,number,"Россия, Санкт-Петербург, Думская улица, 4",
,,,,,,,,"г. Санкт-Петербург, г. Санкт-Петербург, Дыбенко ул, 6 к1,с1,эт1",59.899676,30.450687,number,"Россия, Санкт-Петербург, улица Дыбенко, 6к1",
,,,,,,,,"г. Санкт-Петербург, г. Санкт-Петербург, Ефимова ул., 2 л.А,ч.п.1Н",59.926422,30.320988,number,"Россия, Санкт-Петербург, улица Ефимова, 2",
,,,,,,,,"г. Санкт-Петербург, г. Санкт-Петербург, Железноводская ул, 68 лБлБАлДчп1",59.952799,30.260505,exact,"Россия, Санкт-Петербург, Железноводская улица, 1",
,,,,,,,,"г. Санкт-Петербург, г. Санкт-Петербург, Заневский пр-т, 67 корп.2",59.932567,30.438102,number,"Россия, Санкт-Петербург, Заневский проспект, 67к2Б",
,,,,,,,,"г. Санкт-Петербург, г. Санкт-Петербург, Искровский пр-кт, 6 к.1 лит.А",59.914407,30.459599,exact,"Россия, Санкт-Петербург, Искровский проспект, 6к1",
,,,,,,,,"г. Санкт-Петербург, г. Санкт-Петербург, Испытателей пр-кт, 27 лит.А",60.006907,30.274779,exact,"Россия, Санкт-Петербург, проспект Испытателей, 27",
,,,,,,,,"г. Санкт-Петербург, г. Санкт-Петербург, Каменноостровский пр-т, 10 лит. М",59.958264,30.313757,exact,"Россия, Санкт-Петербург, Каменноостровский проспект, 10М",
,,,,,,,,"г. Санкт-Петербург, г. Санкт-Петербург, Камышовая ул, 36 с.1,п.1-Н",60.008743,30.221725,exact,"Россия, Санкт-Петербург, Камышовая улица, 36",
,,,,,,,,"г. Санкт-Петербург, г. Санкт-Петербург, Карбышева ул, 9 лит.А",59.993001,30.353274,exact,"Россия, Санкт-Петербург, улица Карбышева, 9",
,,,,,,,,"г. Санкт-Петербург, г. Санкт-Петербург, Кирпичный пер, 4 Лит.А,п2-Н",59.93584,30.315886,exact,"Россия, Санкт-Петербург, Центральный район, Кирпичный переулок, 4",
,,,,,,,,"г. Санкт-Петербург, г. Санкт-Петербург, Коллонтай ул, 3 лАчп1-Н,ч1",59.912914,30.446878,near,"Россия, Санкт-Петербург, улица Коллонтай, 3",
,,,,,,,,"г. Санкт-Петербург, г. Санкт-Петербург, Коллонтай ул, 30 к1,лА,чп1Н",59.923897,30.483817,exact,"Россия, Санкт-Петербург, улица Коллонтай, 30к1",
,,,,,,,,"г. Санкт-Петербург, г. Санкт-Петербург, Коломяжский пр-кт, 15 к2лАчп117Н",59.938676,30.314494,other,"Россия, Санкт-Петербург",
,,,,,,,,"г. Санкт-Петербург, г. Санкт-Петербург, Коломяжский пр-кт, 17 к1лАП-1-Н",59.938676,30.314494,other,"Россия, Санкт-Петербург",
,,,,,,,,"г. Санкт-Петербург, г. Санкт-Петербург, Комендантский пр-кт, 24 к.1,лит.А",60.013101,30.251558,exact,"Россия, Санкт-Петербург, Комендантский проспект, 24к1",
,,,,,,,,"г. Санкт-Петербург, г. Санкт-Петербург, Комендантский пр-кт, 66 к.2,с1,п8Н",60.039715,30.218715,exact,"Россия, Санкт-Петербург, Комендантский проспект, 66к2",
,,,,,,,,"г. Санкт-Петербург, г. Санкт-Петербург, Комендантский пр-т, 33 к.1,лит.А",60.021829,30.24535,exact,"Россия, Санкт-Петербург, Комендантский проспект, 33к1",
,,,,,,,,"г. Санкт-Петербург, г. Санкт-Петербург, Кондратьевский пр-кт, 44 лит.А",59.971235,30.386377,exact,"Россия, Санкт-Петербург, Кондратьевский проспект, 44",
,,,,,,,,"г. Санкт-Петербург, г. Санкт-Петербург, Кораблестроителей ул., 21 1,лит.А",59.945639,30.216434,exact,"Россия, Санкт-Петербург, улица Кораблестроителей, 21",
,,,,,,,,"г. Санкт-Петербург, г. Санкт-Петербург, Кораблестроителей ул., 31 1,л.А",59.95361,30.22018,number,"Россия, Санкт-Петербург, улица Кораблестроителей, 31к1",
,,,,,,,,"г. Санкт-Петербург, г. Санкт-Петербург, Косыгина пр-кт, 30 к1лА,п6Н",59.946054,30.497669,number,"Россия, Санкт-Петербург, проспект Косыгина, 30к1",
,,,,,,,,"г. Санкт-Петербург, г. Санкт-Петербург, Кременчугская ул, 11 к3,с1,п1Н",59.922963,30.37204,exact,"Россия, Санкт-Петербург, Кременчугская улица, 11к3",
,,,,,,,,"г. Санкт-Петербург, г. Санкт-Петербург, Культуры пр-т, 1 л.А,ч.п.1Н",60.033706,30.367755,number,"Россия, Санкт-Петербург, проспект Культуры, 1",
,,,,,,,,"г. Санкт-Петербург, г. Санкт-Петербург, Лахтинский пр-кт, 85 к.2,лит.А",59.993482,30.151297,exact,"Россия, Санкт-Петербург, Лахтинский проспект, 85к2",
,,,,,,,,"г. Санкт-Петербург, г. Санкт-Петербург, Левашовский пр-кт, 13 лА,чп8-Н,",59.96675,30.286933,exact,"Россия, Санкт-Петербург, Левашовский проспект, 13",
,,,,,,,,"г. Санкт-Петербург, г. Санкт-Петербург, Ленинский пр-кт, 100 к.1,лит.А",59.85327,30.220045,exact,"Россия, Санкт-Петербург, Ленинский проспект, 100к1",
,,,,,,,,"г. Санкт-Петербург, г. Санкт-Петербург, Ленинский пр-кт, 137 лит.Б,п.2Н",59.851381,30.277717,exact,"Россия, Санкт-Петербург, Ленинский проспект, 137Б",
,,,,,,,,"г. Санкт-Петербург, г. Санкт-Петербург, Ленинский пр-кт, 94 к.1,лит.А",59.854246,30.214817,exact,"Россия, Санкт-Петербург, Ленинский проспект, 94к1",
,,,,,,,,"г. Санкт-Петербург, г. Санкт-Петербург, Ленская ул, 12 к.1 лит.А",59.940528,30.494211,exact,"Россия, Санкт-Петербург, Ленская улица, 12к1А",
,,,,,,,,"г. Санкт-Петербург, г. Санкт-Петербург, Ленсовета ул, 101 л.Б,п.6-20",59.832317,30.348908,number,"Россия, Санкт-Петербург, улица Ленсовета, 101",
,,,,,,,,"г. Санкт-Петербург, г. Санкт-Петербург, Лиговский пр-кт, 153 Лит.А",59.914615,30.349142,exact,"Россия, Санкт-Петербург, Лиговский проспект, 153",
,,,,,,,,"г. Санкт-Петербург, г. Санкт-Петербург, Лиговский пр-кт, 30 л.А, п.1Н",59.927563,30.360613,number,"Россия, Санкт-Петербург, Лиговский проспект, 30",
,,,,,,,,"г. Санкт-Петербург, г. Санкт-Петербург, Луначарского пр-кт, 60 к1,лА,чп1Н",60.041903,30.340212,exact,"Россия, Санкт-Петербург, проспект Луначарского, 60к1",
,,,,,,,,"г. Санкт-Петербург, г. Санкт-Петербург, Лыжный пер., 6,стр.1 п.2-Н",59.999287,30.199051,exact,"Россия, Санкт-Петербург, Лыжный переулок, 6",
,,,,,,,,"г. Санкт-Петербург, г. Санкт-Петербург, Львовская ул, 27 лит.А,п.3Н",59.971204,30.420351,exact,"Россия, Санкт-Петербург, Львовская улица, 27",
,,,,,,,,"г. Санкт-Петербург, г. Санкт-Петербург, Малая Монетная ул., 2 л.Г,ч.п.1Н",59.958778,30.322956,number,"Россия, Санкт-Петербург, Малая Монетная улица, 2Н",
,,,,,,,,"г. Санкт-Петербург, г. Санкт-Петербург, Малый В.О. пр-т, 88 л.А,ч.п.2Н",59.938257,30.230627,number,"Россия, Санкт-Петербург, Малый проспект Васильевского острова, 88",
,,,,,,,,"г. Санкт-Петербург, г. Санкт-Петербург, Марата ул., 86 л.А,ч.п.1Н",59.918986,30.338973,number,"Россия, Санкт-Петербург, улица Марата, 86",
,,,,,,,,"г. Санкт-Петербург, г. Санкт-Петербург, Маршака пр-кт, 3 с.1,п.1-Н",60.036034,30.444687,exact,"Россия, Санкт-Петербург, проспект Маршака, 3",
,,,,,,,,"г. Санкт-Петербург, г. Санкт-Петербург, Маршала Блюхера пр-кт, 41 лит.А",59.975279,30.407927,exact,"Россия, Санкт-Петербург, проспект Маршала Блюхера, 41",
,,,,,,,,"г. Санкт-Петербург, г. Санкт-Петербург, Маршала Блюхера пр-кт, 9 к.2,лит.А",59.978903,30.374348,exact,"Россия, Санкт-Петербург, проспект Маршала Блюхера, 9к2",
,,,,,,,,"г. Санкт-Петербург, г. Санкт-Петербург, Маршала Казакова ул, 72 к.1,с1,п.3",59.867502,30.171248,exact,"Россия, Санкт-Петербург, улица Маршала Казакова, 72к1, подъезд 3",
,,,,,,,,"г. Санкт-Петербург, г. Санкт-Петербург, Маршала Казакова ул, 72 к.1с.1п.1",59.867254,30.172326,exact,"Россия, Санкт-Петербург, улица Маршала Казакова, 72к1, подъезд 1",
,,,,,,,,"г. Санкт-Петербург, г. Санкт-Петербург, Морская Набережная, 35 кор.1,литА",59.938676,30.314494,other,"Россия, Санкт-Петербург",
,,,,,,,,"г. Санкт-Петербург, г. Санкт-Петербург, Московское ш., 7 л.А,ч.п.1Н",59.832014,30.338416,number,"Россия, Санкт-Петербург, Московское шоссе, 7",
,,,,,,,,"г. Санкт-Петербург, г. Санкт-Петербург, Наличная ул, 44 к.1с.1",59.952074,30.232891,exact,"Россия, Санкт-Петербург, Наличная улица, 44к1",
,,,,,,,,"г. Санкт-Петербург, г. Санкт-Петербург, Наставников пр-кт, 33 к.1,лит.А",59.949082,30.489432,exact,"Россия, Санкт-Петербург, проспект Наставников, 33к1",
,,,,,,,,"г. Санкт-Петербург, г. Санкт-Петербург, Наставников пр-т, 35 к1л.А,п.3Н",59.950244,30.488237,number,"Россия, Санкт-Петербург, проспект Наставников, 35к1",
,,,,,,,,"г. Санкт-Петербург, г. Санкт-Петербург, Науки пр-кт, 23 лит.А,п.1Н",60.010807,30.402124,exact,"Россия, Санкт-Петербург, проспект Науки, 23",
,,,,,,,,"г. Санкт-Петербург, г. Санкт-Петербург, Новаторов б-р, 11 к.2,л.А",59.850066,30.268383,number,"Россия, Санкт-Петербург, бульвар Новаторов, 11к2",
,,,,,,,,"г. Санкт-Петербург, г. Санкт-Петербург, Обводного канала наб, 118 Лит.С",59.908105,30.307361,exact,"Россия, Санкт-Петербург, набережная Обводного канала, 118С",
,,,,,,,,"г. Санкт-Петербург, г. Санкт-Петербург, Обуховской Обороны пр-кт, 295 лит.БД",59.844018,30.470684,exact,"Россия, Санкт-Петербург, проспект Обуховской Обороны, 295БД",
,,,,,,,,"г. Санкт-Петербург, г. Санкт-Петербург, Оптиков ул, 40/17 л.А, п.1-Н",60.000411,30.210307,number,"Россия, Санкт-Петербург, улица Оптиков, 40/17",
,,,,,,,,"г. Санкт-Петербург, г. Санкт-Петербург, Орджоникидзе ул, к.4,л.А,п1",59.844696,30.32513,number,"Россия, Санкт-Петербург, улица Орджоникидзе, 4",
,,,,,,,,"г. Санкт-Петербург, г. Санкт-Петербург, п.Парголово, Брюлловская ул, 3 стр.1",60.069068,30.311826,exact,"Россия, Санкт-Петербург, посёлок Парголово, Брюлловская улица, 3",
,,,,,,,,"г. Санкт-Петербург, г. Санкт-Петербург, п.Шушары, Новгородский пр-кт, 6 к2с1чп1Н",59.80053,30.326118,near,"Россия, Санкт-Петербург, Пушкинский район, посёлок Шушары, 10",
,,,,,,,,"г. Санкт-Петербург, г. Санкт-Петербург, Парашютная ул, 46 лит.А",60.032357,30.248216,exact,"Россия, Санкт-Петербург, Парашютная улица, 46",
,,,,,,,,"г. Санкт-Петербург, г. Санкт-Петербург, Патриотов пр-кт, 19 к1с1ч.п.1Н",59.869187,30.158295,number,"Россия, Санкт-Петербург, проспект Патриотов, 19к1",
,,,,,,,,"г. Санкт-Петербург, г. Санкт-Петербург, Петергофское ш, 51 Лит.А",59.849202,30.144245,exact,"Россия, Санкт-Петербург, Петергофское шоссе, 51",
,,,,,,,,"г. Санкт-Петербург, г. Санкт-Петербург, Планерная ул, 49",60.017881,30.228875,exact,"Россия, Санкт-Петербург, Планерная улица, 49",
,,,,,,,,"г. Санкт-Петербург, г. Санкт-Петербург, Планерная ул, 59 Лит.А",60.022238,30.225219,exact,"Россия, Санкт-Петербург, Планерная улица, 59",
,,,,,,,,"г. Санкт-Петербург, г. Санкт-Петербург, Подвойского ул, 37 лит.А",59.917565,30.496995,exact,"Россия, Санкт-Петербург, улица Подвойского, 37",
,,,,,,,,"г. Санкт-Петербург, г. Санкт-Петербург, Пражская ул., 48/50 л.А, п.2Н",59.863328,30.404083,number,"Россия, Санкт-Петербург, Пражская улица, 48/50",
,,,,,,,,"г. Санкт-Петербург, г. Санкт-Петербург, Прибрежная ул, 13 лит.А",59.834167,30.5042,exact,"Россия, Санкт-Петербург, Прибрежная улица, 13",
,,,,,,,,"г. Санкт-Петербург, г. Санкт-Петербург, Просвещения пр-кт, 60 к.1,лит.А",60.047425,30.365374,exact,"Россия, Санкт-Петербург, проспект Просвещения, 60к1",
,,,,,,,,"г. Санкт-Петербург, г. Санкт-Петербург, Просвещения пр-кт, 74 к.2л.А",60.042447,30.389575,number,"Россия, Санкт-Петербург, проспект Просвещения, 74к2",
,,,,,,,,"г. Санкт-Петербург, г. Санкт-Петербург, Просвещения пр-т, 19 л.А,чп1Н",60.052703,30.331202,number,"Россия, Санкт-Петербург, проспект Просвещения, 19",
,,,,,,,,"г. Санкт-Петербург, г. Санкт-Петербург, Просвещения пр-т, 37 А",60.047429,30.356005,exact,"Россия, Санкт-Петербург, проспект Просвещения, 37А",
,,,,,,,,"г. Санкт-Петербург, г. Санкт-Петербург, Просвещения пр-т, 81 лит.А",60.037441,30.40658,exact,"Россия, Санкт-Петербург, проспект Просвещения, 81",
,,,,,,,,"г. Санкт-Петербург, г. Санкт-Петербург, Пятилеток пр-кт, 2 пом.38Н",59.919622,30.465222,exact,"Россия, Санкт-Петербург, проспект Пятилеток, 2",
,,,,,,,,"г. Санкт-Петербург, г. Санкт-Петербург, Пятилеток пр-кт, 8 к.1,лит.А",59.922395,30.458853,exact,"Россия, Санкт-Петербург, проспект Пятилеток, 8к1А",
,,,,,,,,"г. Санкт-Петербург, г. Санкт-Петербург, Революции ш., 41/39 л.А,п.1н",59.959683,30.439773,number,"Россия, Санкт-Петербург, шоссе Революции, 41/39",
,,,,,,,,"г. Санкт-Петербург, г. Санкт-Петербург, Репищева ул., 13 к.1",60.023596,30.283933,exact,"Россия, Санкт-Петербург, Репищева улица, 13к1",
,,,,,,,,"г. Санкт-Петербург, г. Санкт-Петербург, Савушкина ул, 116 лит.А",59.985935,30.218437,exact,"Россия, Санкт-Петербург, улица Савушкина, 116",
,,,,,,,,"г. Санкт-Петербург, г. Санкт-Петербург, Савушкина ул, 132 к.1 лит.А",59.988878,30.198153,exact,"Россия, Санкт-Петербург, улица Савушкина, 132к1",
,,,,,,,,"г. Санкт-Петербург, г. Санкт-Петербург, Савушкина ул., 141 л.А,чп1Н",59.990899,30.205789,number,"Россия, Санкт-Петербург, улица Савушкина, 141",
,,,,,,,,"г. Санкт-Петербург, г. Санкт-Петербург, Свердловская наб., 60 лит.В",59.95548,30.409284,exact,"Россия, Санкт-Петербург, Свердловская набережная, 60В",
,,,,,,,,"г. Санкт-Петербург, г. Санкт-Петербург, Симонова ул, 1 лит.А",60.05578,30.323809,exact,"Россия, Санкт-Петербург, улица Симонова, 1",
,,,,,,,,"г. Санкт-Петербург, г. Санкт-Петербург, Средний В.О. пр-т, 36/40,38 лит.Ж",59.938676,30.314494,other,"Россия, Санкт-Петербург",
,,,,,,,,"г. Санкт-Петербург, г. Санкт-Петербург, ст.Рыбацкое,уч.ж.д.'ул.Юннатов – ст.Рыбацкое', л.Е,чп1-Н",59.83513,30.495055,near,"Россия, Санкт-Петербург, улица Юннатов, 3",
,,,,,,,,"г. Санкт-Петербург, г. Санкт-Петербург, Стародеревенская ул, 25 лит.А,п.1",60.004766,30.247857,exact,"Россия, Санкт-Петербург, Стародеревенская улица, 25",
,,,,,,,,"г. Санкт-Петербург, г. Санкт-Петербург, Стачек пл., 7 л.А,чп1Н",59.900723,30.272219,number,"Россия, Санкт-Петербург, площадь Стачек, 7",
,,,,,,,,"г. Санкт-Петербург, г. Санкт-Петербург, Стачек пр-т, 99 А",59.858792,30.248342,exact,"Россия, Санкт-Петербург, проспект Стачек, 99",
,,,,,,,,"г. Санкт-Петербург, г. Санкт-Петербург, Стрельнинское ш, 1 лит.А",59.777424,30.084741,exact,"Россия, Санкт-Петербург, Стрельнинское шоссе, 1",
,,,,,,,,"г. Санкт-Петербург, г. Санкт-Петербург, Тверская ул., 58/6 л.А,ч.п.1Н",59.938676,30.314494,other,"Россия, Санкт-Петербург",
,,,,,,,,"г. Санкт-Петербург, г. Санкт-Петербург, Типанова ул., 21 л.А,чп1Н",59.853288,30.340707,number,"Россия, Санкт-Петербург, улица Типанова, 21",
,,,,,,,,"г. Санкт-Петербург, г. Санкт-Петербург, Тихая ул, 3 стр.1",59.861318,30.458242,exact,"Россия, Санкт-Петербург, Тихая улица, 3",
,,,,,,,,"г. Санкт-Петербург, г. Санкт-Петербург, Туристская ул., 36 к.1,л.А",60.008324,30.211996,number,"Россия, Санкт-Петербург, Туристская улица, 36к1",
,,,,,,,,"г. Санкт-Петербург, г. Санкт-Петербург, Уточкина ул., 4 корп.1",60.010956,30.261646,exact,"Россия, Санкт-Петербург, улица Уточкина, 4к1А",
,,,,,,,,"г. Санкт-Петербург, г. Санкт-Петербург, Художников пр-кт, 13 к1лАчп1Н",59.938676,30.314494,other,"Россия, Санкт-Петербург",
,,,,,,,,"г. Санкт-Петербург, г. Санкт-Петербург, Чкаловский пр-кт, 15 л.А,ч.п.1Н",59.962251,30.296006,number,"Россия, Санкт-Петербург, Чкаловский проспект, 15Л",
,,,,,,,,"г. Санкт-Петербург, г. Санкт-Петербург, Шлиссельбургский пр-т., 17 1 лит. А",59.839353,30.494839,number,"Россия, Санкт-Петербург, Шлиссельбургский проспект, 17к1",
,,,,,,,,"г. Санкт-Петербург, г. Санкт-Петербург, Щербакова ул, 7 к.1,лит.А",60.029193,30.298297,exact,"Россия, Санкт-Петербург, улица Щербакова, 7",
,,,,,,,,"г. Санкт-Петербург, г. Санкт-Петербург, Энгельса пр-кт, 120 л.А,ч.п.1Н",60.036542,30.321213,number,"Россия, Санкт-Петербург, проспект Энгельса, 120",
,,,,,,,,"г. Санкт-Петербург, г. Санкт-Петербург, Энгельса пр-кт, 33 к.1,лит.А",60.009606,30.326307,exact,"Россия, Санкт-Петербург, проспект Энгельса, 33к1",
,,,,,,,,"г. Санкт-Петербург, г. Санкт-Петербург, Энергетиков пр-кт, 70 к1лАчп1Нп1",59.938676,30.314494,other,"Россия, Санкт-Петербург",
,,,,,,,,"г. Санкт-Петербург, г. Санкт-Петербург, Энергетиков пр-кт, 8, к.1 л.А,п.1-Н",59.937851,30.434643,number,"Россия, Санкт-Петербург, проспект Энергетиков, 8к1",
,,,,,,,,"г. Санкт-Петербург, г. Санкт-Петербург, Ярослава Гашека ул, 14 лит.А",59.836667,30.403634,exact,"Россия, Санкт-Петербург, улица Ярослава Гашека, 14",
,,,,,,,,"г. Санкт-Петербург, г. Санкт-Петербург,г.Зеленогорск, Вокзальная ул, 7 лит.Б",60.205934,29.703684,exact,"Россия, Санкт-Петербург, Зеленогорск, Вокзальная улица, 7",
,,,,,,,,"г. Санкт-Петербург, г. Санкт-Петербург,г.Колпино, Тверская ул, 36/9 лит.А",59.740525,30.611333,exact,"Россия, Санкт-Петербург, Колпино, Тверская улица, 36/9",
,,,,,,,,"г. Санкт-Петербург, г. Санкт-Петербург,г.Колпино, Трудящихся б-р, 12 лит.А,2Н3Н",59.737373,30.572095,number,"Россия, Санкт-Петербург, Колпино, бульвар Трудящихся, 12",
,,,,,,,,"г. Санкт-Петербург, г. Санкт-Петербург,г.Петергоф, Гостилицкая ул., 2А л.А",59.878513,29.860108,number,"Россия, Санкт-Петербург, Петергоф, Гостилицкая улица, 2А",
,,,,,,,,"г. Санкт-Петербург, г. Санкт-Петербург,г.Пушкин, Гусарская ул, 4 лит.АВ",59.703689,30.384472,exact,"Россия, Санкт-Петербург, Пушкин, Гусарская улица, 4АВ",
,,,,,,,,"г. Санкт-Петербург, г. Санкт-Петербург,п.Парголово, 4-й Верхний пер, 1А лит.А",60.071941,30.340698,number,"Россия, Санкт-Петербург, посёлок Парголово, улица Меркурьева, 6",
,,,,,,,,"г. Санкт-Петербург, г. Санкт-Петербург,п.Шушары, Колпинское ш., 77 лит.А",59.732434,30.469821,exact,"Россия, Санкт-Петербург, Пушкинский район, посёлок Шушары, территория Детскосельский, Колпинское шоссе, 77",
,,,,,,,,"г. Санкт-Петербург, г. Санкт-Петербург,п.Шушары, Полоцкая (Славянка тер) ул, 10 л.А",59.737935,30.463515,number,"Россия, Санкт-Петербург, Пушкинский район, посёлок Шушары, территория Славянка, Полоцкая улица, 10",
,,,,,,,,"г. Санкт-Петербург, г. Санкт-Петербург,п.Шушары,тер.Славянка, Ростовская ул, 20 с.1,п.5-Н",59.743046,30.472965,exact,"Россия, Санкт-Петербург, Пушкинский район, посёлок Шушары, территория Славянка, Ростовская улица, 20",
,,,,,,,,"г. Москва, Москва, Севастопольский проспект, 28 корп.2",55.664812,37.578235,exact,"Россия, Москва, Севастопольский проспект, 28к2",
,,,,,,,,"Московская обл., г.Красногорск, автодорога Балтия тер, 21-й км, стр.1А",55.804481,37.299775,number,"Россия, Московская область, городской округ Красногорск, М-9 Балтия, 21-й километр, с1",
,,,,,,,,"Астраханская обл., Астраханская обл., г.Астрахань, Минусинская ул, 8 лит.Б",46.358873,48.069749,exact,"Россия, Астрахань, Минусинская улица, 8",
,,,,,,,,"Белгородская обл., Белгородская обл., г.Белгород, Попова ул, 36",50.59988,36.590555,exact,"Россия, Белгород, улица Попова, 36",
,,,,,,,,"Белгородская обл., Белгородская обл., г.Старый Оскол, Дубрава квартал 1 мкр, 23",51.305091,37.906839,exact,"Россия, Белгородская область, Старый Оскол, микрорайон Дубрава, квартал 1, 23",
,,,,,,,,"Белгородская обл., Белгородская обл., г.Старый Оскол, Ленина ул, 22",51.295636,37.835019,exact,"Россия, Белгородская область, Старый Оскол, улица Ленина, 22",
,,,,,,,,"Белгородская обл., Белгородская обл., г.Строитель, 5 Августа ул, 11",50.787285,36.492028,exact,"Россия, Белгородская область, Яковлевский муниципальный округ, Строитель, улица 5 Августа, 11",
,,,,,,,,"Брянская обл., Брянская обл., г.Брянск, Дуки ул, 63",53.265671,34.358637,exact,"Россия, Брянск, улица Дуки, 63",
,,,,,,,,"Владимирская обл., Владимирская обл., г.Владимир, Батурина ул, 20",56.139878,40.407147,exact,"Россия, Владимир, улица Батурина, 20",
,,,,,,,,"Владимирская обл., Владимирская обл., г.Владимир, Большая Московская ул., 19А",56.128686,40.402727,exact,"Россия, Владимир, Большая Московская улица, 19А",
,,,,,,,,"Владимирская обл., Владимирская обл., г.Владимир, Егорова ул., 4 п.1",56.16813,40.479892,exact,"Россия, Владимир, улица Егорова, 4, подъезд 1",
,,,,,,,,"Владимирская обл., Владимирская обл., г.Владимир, Ленина пр-кт, 43 п.1",56.117798,40.357191,exact,"Россия, Владимир, проспект Ленина, 43, подъезд 1",
,,,,,,,,"Владимирская обл., Владимирская обл., г.Владимир, Октябрьский пр-кт, 43",56.140821,40.3891,exact,"Россия, Владимир, Октябрьский проспект, 43",
,,,,,,,,"Волгоградская обл., Волгоградская обл., г.Волгоград, 30-летия Победы б-р, 21",48.749131,44.4967,exact,"Россия, Волгоград, район Семь Ветров, бульвар 30-летия Победы, 21",
,,,,,,,,"Волгоградская обл., Волгоградская обл., г.Волгоград, 30-летия Победы б-р, 44 э.1,к.9-31",48.707067,44.516975,other,"Россия, Волгоград",
,,,,,,,,"Волгоградская обл., Волгоградская обл., г.Волгоград, 50 лет Октября ул, 15А подвал,1эт",48.520061,44.562268,exact,"Россия, Волгоград, улица 50 лет Октября, 15А",
,,,,,,,,"Волгоградская обл., Волгоградская обл., г.Волгоград, Елецкая ул, 11А",48.701823,44.483145,exact,"Россия, Волгоград, Елецкая улица, 11А",
,,,,,,,,"Волгоградская обл., Волгоградская обл., г.Волгоград, им. Землячки ул, 110",48.745062,44.518574,exact,"Россия, Волгоград, улица Землячки, 110",
,,,,,,,,"Волгоградская обл., Волгоградская обл., г.Волгоград, им.Николая Отрады ул, 20Г",48.816617,44.628456,exact,"Россия, Волгоград, улица Николая Отрады, 20Г",
,,,,,,,,"Волгоградская обл., Волгоградская обл., г.Волгоград, Колосовая ул, 4",48.592593,44.421646,exact,"Россия, Волгоград, Колосовая улица, 4",
,,,,,,,,"Волгоградская обл., Волгоградская обл., г.Волгоград, Краснознаменская ул, 9 п.1-44",48.704273,44.509492,exact,"Россия, Волгоград, Краснознаменская улица, 9",
,,,,,,,,"Волгоградская обл., Волгоградская обл., г.Волгоград, Ополченская ул, 38",48.79671,44.589029,exact,"Россия, Волгоград, Ополченская улица, 38",
,,,,,,,,"Волгоградская обл., Волгоградская обл., г.Волгоград, Рабоче-Крестьянская ул, 9Б",48.697036,44.502027,exact,"Россия, Волгоград, Рабоче-Крестьянская улица, 9Б",
,,,,,,,,"Волгоградская обл., Волгоградская обл., г.Волгоград, Рокоссовского ул, 51 эт.1,эт.2",48.714362,44.498003,exact,"Россия, Волгоград, улица Рокоссовского, 1",
,,,,,,,,"Волгоградская обл., Волгоградская обл., г.Волгоград, Суровикинская ул, 1",48.673434,44.443996,exact,"Россия, Волгоград, Суровикинская улица, 1",
,,,,,,,,"Волгоградская обл., Волгоградская обл., г.Волгоград, Университетский пр-кт, 70",48.654839,44.435166,exact,"Россия, Волгоград, Университетский проспект, 70",
,,,,,,,,"Волгоградская обл., Волгоградская обл., г.Волжский, Александрова ул, 18А",48.77243,44.800322,exact,"Россия, Волгоградская область, Волжский, улица Александрова, 18А",
,,,,,,,,"Волгоградская обл., Волгоградская обл., г.Волжский, Ленина пр-кт, 100",48.777982,44.757472,exact,"Россия, Волгоградская область, Волжский, проспект имени Ленина, 100",
,,,,,,,,"Волгоградская обл., Волгоградская обл., г.Волжский, Профсоюзов б-р, 1Б п.34",48.776219,44.773794,exact,"Россия, Волгоградская область, Волжский, бульвар Профсоюзов, 1Б",
,,,,,,,,"Волгоградская обл., Волгоградская обл., го.Волгоград, г.Волгоград, им В.И.Ленина пр-кт, 54Б",48.725964,44.541571,exact,"Россия, Волгоград, проспект имени В.И. Ленина, 54Б",
,,,,,,,,"Воронежская обл., Воронежская обл., г.Воронеж, 20-летия Октября ул., 90",51.655875,39.189022,exact,"Россия, Воронеж, улица 20-летия Октября, 90",
,,,,,,,,"Воронежская обл., Воронежская обл., г.Воронеж, Владимира Невского ул, 13Г",51.708076,39.147421,exact,"Россия, Воронеж, улица Владимира Невского, 13Г",
,,,,,,,,"Воронежская обл., Воронежская обл., г.Воронеж, Генерала Лизюкова ул, 60",51.706128,39.149613,exact,"Россия, Воронеж, улица Генерала Лизюкова, 60",
,,,,,,,,"Воронежская обл., Воронежская обл., г.Воронеж, Героев Сибиряков ул, 65А",51.646079,39.138717,exact,"Россия, Воронеж, улица Героев Сибиряков, 65А",
,,,,,,,,"Воронежская обл., Воронежская обл., г.Воронеж, Загоровского ул, 1 п.1/2",51.714042,39.191591,exact,"Россия, Воронеж, улица Загоровского, 1",
,,,,,,,,"Воронежская обл., Воронежская обл., г.Воронеж, Ленинский пр-кт, 1 Д",51.633469,39.230614,exact,"Россия, Воронеж, Ленинский проспект, 1Д",
,,,,,,,,"Воронежская обл., Воронежская обл., г.Воронеж, Ленинский пр-кт, 174П",51.697354,39.273105,exact,"Россия, Воронеж, Ленинский проспект, 174П",
,,,,,,,,"Воронежская обл., Воронежская обл., г.Воронеж, Московский пр-кт, 189/6",51.759771,39.186031,exact,"Россия, Воронеж, Московский проспект, 189/6",
,,,,,,,,"Воронежская обл., Воронежская обл., г.Воронеж, Олимпийский б-р, стр.10 п.II",51.712345,39.201527,exact,"Россия, Воронеж, Олимпийский бульвар, 10",
,,,,,,,,"Воронежская обл., Воронежская обл., г.Воронеж, Переверткина ул, 45170",51.688042,39.259163,street,"Россия, Воронеж, улица Перевёрткина",
,,,,,,,,"Воронежская обл., Воронежская обл., г.Воронеж, Победы б-р, 23Б",51.710738,39.159692,exact,"Россия, Воронеж, бульвар Победы, 23Б",
,,,,,,,,"Воронежская обл., Воронежская обл., г.Воронеж, Среднемосковская ул., 32Б,32Е",51.668964,39.196388,exact,"Россия, Воронеж, Средне-Московская улица, 32Б",
,,,,,,,,"г. Москва, г.Москва, г. Москва, Адмирала Лазарева ул, 2",55.547036,37.543237,exact,"Россия, Москва, улица Адмирала Лазарева, 2",
,,,,,,,,"г. Москва, г.Москва, г. Москва, Балаклавский пр-кт, 5А",55.640533,37.608212,exact,"Россия, Москва, Балаклавский проспект, 5А",
,,,,,,,,"г. Москва, г.Москва, г. Москва, Берёзовая аллея, 19 корп.6",55.849443,37.625415,exact,"Россия, Москва, Берёзовая аллея, 19к6",
,,,,,,,,"г. Москва, г.Москва, г. Москва, Варшавское ш, 150 к.2,п.2",55.598334,37.601744,exact,"Россия, Москва, Варшавское шоссе, 150к2",
,,,,,,,,"г. Москва, г.Москва, г. Москва, Вернадского пр-кт, 105 к.3",55.663811,37.484864,exact,"Россия, Москва, проспект Вернадского, 105к3",
,,,,,,,,"г. Москва, г.Москва, г. Москва, Вильгельма Пика ул, 11",55.844197,37.636958,exact,"Россия, Москва, улица Вильгельма Пика, 11",
,,,,,,,,"г. Москва, г. Москва, г.Зеленоград, Панфиловский пр-кт, 6А",56.008797,37.200044,exact,"Россия, Москва, Зеленоград, Панфиловский проспект, 6А",
,,,,,,,,"г. Москва, г. Москва, г.Зеленоград, Юности ул., 2 с.1",55.997003,37.225458,near,"Россия, Москва, Зеленоград, улица Юности, 4с91",
,,,,,,,,"г. Москва, г. Москва, г.Москва, 3-й Митинский пер, 3",55.847649,37.349407,exact,"Россия, Москва, 3-й Митинский переулок, 3",
,,,,,,,,"г. Москва, г. Москва, г.Москва, Лермонтовский пр-кт, 10 к.1",55.700562,37.851808,exact,"Россия, Москва, Лермонтовский проспект, 10к1",
,,,,,,,,"г. Москва, г.Москва, г. Москва, Дмитрия Донского б-р, 1",55.574879,37.580113,exact,"Россия, Москва, бульвар Дмитрия Донского, 1",
,,,,,,,,"г. Москва, г.Москва, г. Москва, Кедрова ул, 7А",55.685442,37.568533,exact,"Россия, Москва, улица Кедрова, 7А",
,,,,,,,,"г. Москва, г.Москва, г. Москва, Крузенштерна ул, 12 к.3,пом.5Н",55.750844,37.706622,exact,"Россия, Москва, улица Крузенштерна, 12к3",
,,,,,,,,"г. Москва, г.Москва, г. Москва, Матвеевская ул, 20",55.702581,37.466655,number,"Россия, Москва, Матвеевская улица, 20к3",
,,,,,,,,"г. Москва, г. Москва, Москва,д.Рогозинино,п.Первомайское, Луговая ул, уч.20,л.И",55.53104,37.166178,near,"Россия, Москва, Новомосковский административный округ, Филимонковский район, посёлок Первомайское, 16",
,,,,,,,,"г. Москва, г.Москва, г. Москва, Народного Ополчения ул, 15 стр.5",55.773525,37.473905,exact,"Россия, Москва, улица Народного Ополчения, 15с5",
,,,,,,,,"г. Москва, г.Москва, г. Москва, Николая Старостина ул, 4 пом.2",55.730603,37.850577,exact,"Россия, Москва, улица Николая Старостина, 4",
,,,,,,,,"г. Москва, г.Москва, г. Москва, Отрадная ул, 16",55.855012,37.613719,exact,"Россия, Москва, Отрадная улица, 16",
,,,,,,,,"г. Москва, г.Москва, п.Московский, г. Москва, п.Московский, 74 кв-л, 4",55.616,37.42704,near,"Россия, Москва, Новомосковский административный округ, район Коммунарка, квартал № 74, 2с2",
,,,,,,,,"г. Москва, г. Москва, п.Сосенское,ж/к Дубровка нп, Сосновая ул., 6",55.727247,37.669558,other,"Россия, Москва, Юго-Восточный административный округ, Южнопортовый район, рабочий посёлок Дубровка",
,,,,,,,,"г. Москва, г.Москва, г. Москва, Первомайская ул, 93",55.79393,37.806263,exact,"Россия, Москва, Первомайская улица, 93",
,,,,,,,,"г. Москва, г.Москва, г. Москва, Перервинский б-р, 4 к.1",55.662151,37.764052,exact,"Россия, Москва, Перервинский бульвар, 4к1",
,,,,,,,,"г. Москва, г.Москва, г. Москва, Покровская ул, 18 стр.1",55.701866,37.93165,exact,"Россия, Москва, Покровская улица, 18с1",
,,,,,,,,"г. Москва, г.Москва, г. Москва, Причальный пр-зд, з/у 10",55.75974,37.516701,number,"Россия, Москва, Причальный проезд, 10к1",
,,,,,,,,"г. Москва, г.Москва, г. Москва, Профсоюзная ул, 109",55.633002,37.521614,exact,"Россия, Москва, Профсоюзная улица, 109",
,,,,,,,,"г. Москва, г.Москва, г. Москва, Пятницкое ш, 39",55.855153,37.355498,exact,"Россия, Москва, Пятницкое шоссе, 39",
,,,,,,,,"г. Санкт-Петербург, г.Санкт-Петербург, г. Санкт-Петербург, Александра Невского пл, 2 Лит.Е",59.924799,30.38697,exact,"Россия, Санкт-Петербург, площадь Александра Невского, 2Е",
,,,,,,,,"г. Санкт-Петербург, г.Санкт-Петербург, г. Санкт-Петербург, Аптекарский пр-кт, 18 л.Ап.511Н",59.972393,30.320099,street,"Россия, Санкт-Петербург, Аптекарский проспект",
,,,,,,,,"г. Санкт-Петербург, г.Санкт-Петербург, г. Санкт-Петербург, Балканская пл., 5 лит.О,п.1Н",59.830761,30.377421,exact,"Россия, Санкт-Петербург, Балканская площадь, 5литО",
,,,,,,,,"г. Санкт-Петербург, г.Санкт-Петербург, г. Санкт-Петербург, Белы Куна ул, 3 Лит.А",59.870014,30.379325,exact,"Россия, Санкт-Петербург, улица Белы Куна, 3",
,,,,,,,,"г. Санкт-Петербург, г.Санкт-Петербург, г. Санкт-Петербург, Богатырский пр-кт, 54/32 лА,чп1Н",60.006179,30.21063,number,"Россия, Санкт-Петербург, Богатырский проспект, 54/32",
,,,,,,,,"г. Санкт-Петербург, г.Санкт-Петербург, г. Санкт-Петербург, Богатырский пр-т, 7 1,л.А",59.999494,30.283259,number,"Россия, Санкт-Петербург, Богатырский проспект, 7А",
,,,,,,,,"г. Санкт-Петербург, г.Санкт-Петербург, г. Санкт-Петербург, Большая Разночинная ул, 16 лит.А",59.959332,30.290113,exact,"Россия, Санкт-Петербург, Большая Разночинная улица, 16",
,,,,,,,,"г. Санкт-Петербург, г.Санкт-Петербург, г. Санкт-Петербург, Большевиков пр-кт, 27 лит.А",59.90052,30.485874,exact,"Россия, Санкт-Петербург, проспект Большевиков, 27",
,,,,,,,,"г. Санкт-Петербург, г.Санкт-Петербург, г. Санкт-Петербург, Большевиков пр-кт, 32 к.1,л.А",59.895457,30.493366,number,"Россия, Санкт-Петербург, проспект Большевиков, 32к1",
,,,,,,,,"г. Санкт-Петербург, г.Санкт-Петербург, г. Санкт-Петербург, Большой В.О. пр-кт, 68 Лит.А",59.932022,30.260191,exact,"Россия, Санкт-Петербург, Большой проспект Васильевского острова, 68",
,,,,,,,,"г. Санкт-Петербург, г.Санкт-Петербург, г. Санкт-Петербург, Бухарестская ул, 32 лАп2Н,ч.п2",59.892383,30.35993,near,"Россия, Санкт-Петербург, Бухарестская улица, 6",
,,,,,,,,"г. Санкт-Петербург, г.Санкт-Петербург, г. Санкт-Петербург, Бухарестская ул, 89 лА,п1Н-5Н,",59.952497,30.290886,number,"Россия, Санкт-Петербург, Большой проспект Петроградской стороны, 1",
,,,,,,,,"г. Санкт-Петербург, г.Санкт-Петербург, г. Санкт-Петербург, Васи Алексеева ул, 4 с.1,ч.п.35",59.880369,30.264556,number,"Россия, Санкт-Петербург, улица Васи Алексеева, 4",
,,,,,,,,"г. Санкт-Петербург, г.Санкт-Петербург, г. Санкт-Петербург, Ветеранов пр-кт, 101 к1лАэ1чп11",59.938676,30.314494,other,"Россия, Санкт-Петербург",
,,,,,,,,"г. Санкт-Петербург, г.Санкт-Петербург, г. Санкт-Петербург, Ветеранов пр-кт, 169 к4с1п5-Н",59.840356,30.114214,exact,"Россия, Санкт-Петербург, проспект Ветеранов, 169к4",
,,,,,,,,"г. Санкт-Петербург, г.Санкт-Петербург, г. Санкт-Петербург, Выборгское ш., 33 А",60.065543,30.303453,exact,"Россия, Санкт-Петербург, Выборгское шоссе, 33",
,,,,,,,,"г. Санкт-Петербург, г. Санкт-Петербург, г.Ломоносов, Федюнинского ул, 16 лА,п.2Н",59.900331,29.77369,number,"Россия, Санкт-Петербург, Ломоносов, улица Федюнинского, 16",
,,,,,,,,"г. Санкт-Петербург, г. Санкт-Петербург, г.Санкт-Петербург г.Сестрорецк, Володарского ул, 2 лит.А",59.835405,30.092807,near,"Россия, Санкт-Петербург, территория Сергиево, улица Володарского, 4",
,,,,,,,,"г. Санкт-Петербург, г. Санкт-Петербург, г.Санкт-Петербург, Плесецкая ул, 8 к.1стр.1",60.033238,30.212957,exact,"Россия, Санкт-Петербург, Плесецкая улица, 8к1",
,,,,,,,,"г. Санкт-Петербург, г.Санкт-Петербург, г. Санкт-Петербург, Гражданский пр-т, 41 к.2,лит.Б",60.01221,30.398603,exact,"Россия, Санкт-Петербург, Гражданский проспект, 41к2Б",
,,,,,,,,"г. Санкт-Петербург, г.Санкт-Петербург, г. Санкт-Петербург, Дачный пр-кт, 9 к.1л.А,п3Н",59.846554,30.244362,number,"Россия, Санкт-Петербург, Дачный проспект, 9к1",
,,,,,,,,"г. Санкт-Петербург, г.Санкт-Петербург, г. Санкт-Петербург, Доблести ул, 17 к1с1п1Нчп2",59.859763,30.175012,exact,"Россия, Санкт-Петербург, улица Доблести, 17к1",
,,,,,,,,"г. Санкт-Петербург, г.Санкт-Петербург, г. Санкт-Петербург, Долгоозёрная ул, 14 к.2,Лит.А",60.016775,30.246051,exact,"Россия, Санкт-Петербург, Долгоозёрная улица, 14к2",
,,,,,,,,"г. Санкт-Петербург, г.Санкт-Петербург, г. Санкт-Петербург, Думская ул, 4 лА,ч.п.01Н",59.933113,30.328337,number,"Россия, Санкт-Петербург, Думская улица, 4",
,,,,,,,,"г. Санкт-Петербург, г.Санкт-Петербург, г. Санкт-Петербург, Дыбенко ул, 6 к1,с1,эт1",59.899676,30.450687,number,"Россия, Санкт-Петербург, улица Дыбенко, 6к1",
,,,,,,,,"г. Санкт-Петербург, г.Санкт-Петербург, г. Санкт-Петербург, Есенина ул, 23 к.1,с.1,п2",60.049065,30.341129,exact,"Россия, Санкт-Петербург, улица Есенина, 23к1",
,,,,,,,,"г. Санкт-Петербург, г.Санкт-Петербург, г. Санкт-Петербург, Ефимова ул., 2 л.А,ч.п.1Н",59.926422,30.320988,number,"Россия, Санкт-Петербург, улица Ефимова, 2",
,,,,,,,,"г. Санкт-Петербург, г.Санкт-Петербург, г. Санкт-Петербург, Железноводская ул, 68 лБлБАлДчп1",59.952799,30.260505,exact,"Россия, Санкт-Петербург, Железноводская улица, 1",
,,,,,,,,"г. Санкт-Петербург, г.Санкт-Петербург, г. Санкт-Петербург, Заневский пр-т, 67 корп.2",59.932567,30.438102,number,"Россия, Санкт-Петербург, Заневский проспект, 67к2Б",
,,,,,,,,"г. Санкт-Петербург, г.Санкт-Петербург, г. Санкт-Петербург, Искровский пр-кт, 6 к.1 лит.А",59.914407,30.459599,exact,"Россия, Санкт-Петербург, Искровский проспект, 6к1",
,,,,,,,,"г. Санкт-Петербург, г.Санкт-Петербург, г. Санкт-Петербург, Испытателей пр-кт, 27 лит.А",60.006907,30.274779,exact,"Россия, Санкт-Петербург, проспект Испытателей, 27",
,,,,,,,,"г. Санкт-Петербург, г.Санкт-Петербург, г. Санкт-Петербург, Каменноостровский пр-т, 10 лит. М",59.958264,30.313757,exact,"Россия, Санкт-Петербург, Каменноостровский проспект, 10М",
,,,,,,,,"г. Санкт-Петербург, г.Санкт-Петербург, г. Санкт-Петербург, Камышовая ул, 36 с.1,п.1-Н",60.008743,30.221725,exact,"Россия, Санкт-Петербург, Камышовая улица, 36",
,,,,,,,,"г. Санкт-Петербург, г.Санкт-Петербург, г. Санкт-Петербург, Карбышева ул, 9 лит.А",59.993001,30.353274,exact,"Россия, Санкт-Петербург, улица Карбышева, 9",
,,,,,,,,"г. Санкт-Петербург, г.Санкт-Петербург, г. Санкт-Петербург, Кирпичный пер, 4 Лит.А,п2-Н",59.93584,30.315886,exact,"Россия, Санкт-Петербург, Центральный район, Кирпичный переулок, 4",
,,,,,,,,"г. Санкт-Петербург, г.Санкт-Петербург, г. Санкт-Петербург, Коллонтай ул, 3 лАчп1-Н,ч1",59.912914,30.446878,near,"Россия, Санкт-Петербург, улица Коллонтай, 3",
,,,,,,,,"г. Санкт-Петербург, г.Санкт-Петербург, г. Санкт-Петербург, Коллонтай ул, 30 к1,лА,чп1Н",59.923897,30.483817,exact,"Россия, Санкт-Петербург, улица Коллонтай, 30к1",
,,,,,,,,"г. Санкт-Петербург, г.Санкт-Петербург, г. Санкт-Петербург, Коломяжский пр-кт, 15 к2лАчп117Н",59.938676,30.314494,other,"Россия, Санкт-Петербург",
,,,,,,,,"г. Санкт-Петербург, г.Санкт-Петербург, г. Санкт-Петербург, Коломяжский пр-кт, 17 к1лАП-1-Н",59.938676,30.314494,other,"Россия, Санкт-Петербург",
,,,,,,,,"г. Санкт-Петербург, г.Санкт-Петербург, г. Санкт-Петербург, Комендантский пр-кт, 24 к.1,лит.А",60.013101,30.251558,exact,"Россия, Санкт-Петербург, Комендантский проспект, 24к1",
,,,,,,,,"г. Санкт-Петербург, г.Санкт-Петербург, г. Санкт-Петербург, Комендантский пр-кт, 66 к.2,с1,п8Н",60.039715,30.218715,exact,"Россия, Санкт-Петербург, Комендантский проспект, 66к2",
,,,,,,,,"г. Санкт-Петербург, г.Санкт-Петербург, г. Санкт-Петербург, Комендантский пр-т, 33 к.1,лит.А",60.021829,30.24535,exact,"Россия, Санкт-Петербург, Комендантский проспект, 33к1",
,,,,,,,,"г. Санкт-Петербург, г.Санкт-Петербург, г. Санкт-Петербург, Кондратьевский пр-кт, 44 лит.А",59.971235,30.386377,exact,"Россия, Санкт-Петербург, Кондратьевский проспект, 44",
,,,,,,,,"г. Санкт-Петербург, г.Санкт-Петербург, г. Санкт-Петербург, Кораблестроителей ул., 21 1,лит.А",59.945639,30.216434,exact,"Россия, Санкт-Петербург, улица Кораблестроителей, 21",
,,,,,,,,"г. Санкт-Петербург, г.Санкт-Петербург, г. Санкт-Петербург, Кораблестроителей ул., 31 1,л.А",59.95361,30.22018,number,"Россия, Санкт-Петербург, улица Кораблестроителей, 31к1",
,,,,,,,,"г. Санкт-Петербург, г.Санкт-Петербург, г. Санкт-Петербург, Косыгина пр-кт, 30 к1лА,п6Н",59.946054,30.497669,number,"Россия, Санкт-Петербург, проспект Косыгина, 30к1",
,,,,,,,,"г. Санкт-Петербург, г.Санкт-Петербург, г. Санкт-Петербург, Кременчугская ул, 11 к3,с1,п1Н",59.922963,30.37204,exact,"Россия, Санкт-Петербург, Кременчугская улица, 11к3",
,,,,,,,,"г. Санкт-Петербург, г.Санкт-Петербург, г. Санкт-Петербург, Культуры пр-т, 1 л.А,ч.п.1Н",60.033706,30.367755,number,"Россия, Санкт-Петербург, проспект Культуры, 1",
,,,,,,,,"г. Санкт-Петербург, г.Санкт-Петербург, г. Санкт-Петербург, Лахтинский пр-кт, 85 к.2,лит.А",59.993482,30.151297,exact,"Россия, Санкт-Петербург, Лахтинский проспект, 85к2",
,,,,,,,,"г. Санкт-Петербург, г.Санкт-Петербург, г. Санкт-Петербург, Левашовский пр-кт, 13 лА,чп8-Н,",59.96675,30.286933,exact,"Россия, Санкт-Петербург, Левашовский проспект, 13",
,,,,,,,,"г. Санкт-Петербург, г.Санкт-Петербург, г. Санкт-Петербург, Ленинский пр-кт, 100 к.1,лит.А",59.85327,30.220045,exact,"Россия, Санкт-Петербург, Ленинский проспект, 100к1",
,,,,,,,,"г. Санкт-Петербург, г.Санкт-Петербург, г. Санкт-Петербург, Ленинский пр-кт, 137 лит.Б,п.2Н",59.851381,30.277717,exact,"Россия, Санкт-Петербург, Ленинский проспект, 137Б",
,,,,,,,,"г. Санкт-Петербург, г.Санкт-Петербург, г. Санкт-Петербург, Ленинский пр-кт, 94 к.1,лит.А",59.854246,30.214817,exact,"Россия, Санкт-Петербург, Ленинский проспект, 94к1",
,,,,,,,,"г. Санкт-Петербург, г.Санкт-Петербург, г. Санкт-Петербург, Ленская ул, 12 к.1 лит.А",59.940528,30.494211,exact,"Россия, Санкт-Петербург, Ленская улица, 12к1А",
,,,,,,,,"г. Санкт-Петербург, г.Санкт-Петербург, г. Санкт-Петербург, Ленсовета ул, 101 л.Б,п.6-20",59.832317,30.348908,number,"Россия, Санкт-Петербург, улица Ленсовета, 101",
,,,,,,,,"г. Санкт-Петербург, г.Санкт-Петербург, г. Санкт-Петербург, Лиговский пр-кт, 153 Лит.А",59.914615,30.349142,exact,"Россия, Санкт-Петербург, Лиговский проспект, 153",
,,,,,,,,"г. Санкт-Петербург, г.Санкт-Петербург, г. Санкт-Петербург, Лиговский пр-кт, 30 л.А, п.1Н",59.927563,30.360613,number,"Россия, Санкт-Петербург, Лиговский проспект, 30",
,,,,,,,,"г. Санкт-Петербург, г.Санкт-Петербург, г. Санкт-Петербург, Луначарского пр-кт, 60 к1,лА,чп1Н",60.041903,30.340212,exact,"Россия, Санкт-Петербург, проспект Луначарского, 60к1",
,,,,,,,,"г. Санкт-Петербург, г.Санкт-Петербург, г. Санкт-Петербург, Лыжный пер., 6,стр.1 п.2-Н",59.999287,30.199051,exact,"Россия, Санкт-Петербург, Лыжный переулок, 6",
,,,,,,,,"г. Санкт-Петербург, г.Санкт-Петербург, г. Санкт-Петербург, Львовская ул, 27 лит.А,п.3Н",59.971204,30.420351,exact,"Россия, Санкт-Петербург, Львовская улица, 27",
,,,,,,,,"г. Санкт-Петербург, г.Санкт-Петербург, г. Санкт-Петербург, Малая Монетная ул., 2 л.Г,ч.п.1Н",59.958778,30.322956,number,"Россия, Санкт-Петербург, Малая Монетная улица, 2Н",
,,,,,,,,"г. Санкт-Петербург, г.Санкт-Петербург, г. Санкт-Петербург, Малый В.О. пр-т, 88 л.А,ч.п.2Н",59.938257,30.230627,number,"Россия, Санкт-Петербург, Малый проспект Васильевского острова, 88",
,,,,,,,,"г. Санкт-Петербург, г.Санкт-Петербург, г. Санкт-Петербург, Марата ул., 86 л.А,ч.п.1Н",59.918986,30.338973,number,"Россия, Санкт-Петербург, улица Марата, 86",
,,,,,,,,"г. Санкт-Петербург, г.Санкт-Петербург, г. Санкт-Петербург, Маршака пр-кт, 3 с.1,п.1-Н",60.036034,30.444687,exact,"Россия, Санкт-Петербург, проспект Маршака, 3",
,,,,,,,,"г. Санкт-Петербург, г.Санкт-Петербург, г. Санкт-Петербург, Маршала Блюхера пр-кт, 41 лит.А",59.975279,30.407927,exact,"Россия, Санкт-Петербург, проспект Маршала Блюхера, 41",
,,,,,,,,"г. Санкт-Петербург, г.Санкт-Петербург, г. Санкт-Петербург, Маршала Блюхера пр-кт, 9 к.2,лит.А",59.978903,30.374348,exact,"Россия, Санкт-Петербург, проспект Маршала Блюхера, 9к2",
,,,,,,,,"г. Санкт-Петербург, г.Санкт-Петербург, г. Санкт-Петербург, Маршала Казакова ул, 72 к.1,с1,п.3",59.867502,30.171248,exact,"Россия, Санкт-Петербург, улица Маршала Казакова, 72к1, подъезд 3",
,,,,,,,,"г. Санкт-Петербург, г.Санкт-Петербург, г. Санкт-Петербург, Маршала Казакова ул, 72 к.1с.1п.1",59.867254,30.172326,exact,"Россия, Санкт-Петербург, улица Маршала Казакова, 72к1, подъезд 1",
,,,,,,,,"г. Санкт-Петербург, г.Санкт-Петербург, г. Санкт-Петербург, Морская Набережная, 35 кор.1,литА",59.938676,30.314494,other,"Россия, Санкт-Петербург",
,,,,,,,,"г. Санкт-Петербург, г.Санкт-Петербург, г. Санкт-Петербург, Московское ш., 7 л.А,ч.п.1Н",59.832014,30.338416,number,"Россия, Санкт-Петербург, Московское шоссе, 7",
,,,,,,,,"г. Санкт-Петербург, г.Санкт-Петербург, г. Санкт-Петербург, Наличная ул, 44 к.1с.1",59.952074,30.232891,exact,"Россия, Санкт-Петербург, Наличная улица, 44к1",
,,,,,,,,"г. Санкт-Петербург, г.Санкт-Петербург, г. Санкт-Петербург, Наставников пр-кт, 33 к.1,лит.А",59.949082,30.489432,exact,"Россия, Санкт-Петербург, проспект Наставников, 33к1",
,,,,,,,,"г. Санкт-Петербург, г.Санкт-Петербург, г. Санкт-Петербург, Наставников пр-т, 35 к1л.А,п.3Н",59.950244,30.488237,number,"Россия, Санкт-Петербург, проспект Наставников, 35к1",
,,,,,,,,"г. Санкт-Петербург, г.Санкт-Петербург, г. Санкт-Петербург, Науки пр-кт, 23 лит.А,п.1Н",60.010807,30.402124,exact,"Россия, Санкт-Петербург, проспект Науки, 23",
,,,,,,,,"г. Санкт-Петербург, г.Санкт-Петербург, г. Санкт-Петербург, Новаторов б-р, 11 к.2,л.А",59.850066,30.268383,number,"Россия, Санкт-Петербург, бульвар Новаторов, 11к2",
,,,,,,,,"г. Санкт-Петербург, г.Санкт-Петербург, г. Санкт-Петербург, Обводного канала наб, 118 Лит.С",59.908105,30.307361,exact,"Россия, Санкт-Петербург, набережная Обводного канала, 118С",
,,,,,,,,"г. Санкт-Петербург, г.Санкт-Петербург, г. Санкт-Петербург, Обуховской Обороны пр-кт, 295 лит.БД",59.844018,30.470684,exact,"Россия, Санкт-Петербург, проспект Обуховской Обороны, 295БД",
,,,,,,,,"г. Санкт-Петербург, г.Санкт-Петербург, г. Санкт-Петербург, Оптиков ул, 40/17 л.А, п.1-Н",60.000411,30.210307,number,"Россия, Санкт-Петербург, улица Оптиков, 40/17",
,,,,,,,,"г. Санкт-Петербург, г.Санкт-Петербург, г. Санкт-Петербург, Орджоникидзе ул, к.4,л.А,п1",59.844696,30.32513,number,"Россия, Санкт-Петербург, улица Орджоникидзе, 4",
,,,,,,,,"г. Санкт-Петербург, г.Санкт-Петербург, п.Парголово, г. Санкт-Петербург, п.Парголово, Брюлловская ул, 3 стр.1",60.069068,30.311826,exact,"Россия, Санкт-Петербург, посёлок Парголово, Брюлловская улица, 3",
,,,,,,,,"г. Санкт-Петербург, г.Санкт-Петербург, п.Шушары, г. Санкт-Петербург, п.Шушары, Новгородский пр-кт, 6 к2с1чп1Н",59.80053,30.326118,near,"Россия, Санкт-Петербург, Пушкинский район, посёлок Шушары, 10",
,,,,,,,,"г. Санкт-Петербург, г.Санкт-Петербург, г. Санкт-Петербург, Парашютная ул, 46 лит.А",60.032357,30.248216,exact,"Россия, Санкт-Петербург, Парашютная улица, 46",
,,,,,,,,"г. Санкт-Петербург, г.Санкт-Петербург, г. Санкт-Петербург, Патриотов пр-кт, 19 к1с1ч.п.1Н",59.869187,30.158295,number,"Россия, Санкт-Петербург, проспект Патриотов, 19к1",
,,,,,,,,"г. Санкт-Петербург, г.Санкт-Петербург, г. Санкт-Петербург, Петергофское ш, 51 Лит.А",59.849202,30.144245,exact,"Россия, Санкт-Петербург, Петергофское шоссе, 51",
,,,,,,,,"г. Санкт-Петербург, г.Санкт-Петербург, г. Санкт-Петербург, Пионерская ул, 21 лит.А,п.2",59.958021,30.290751,exact,"Россия, Санкт-Петербург, Пионерская улица, 21",
,,,,,,,,"г. Санкт-Петербург, г.Санкт-Петербург, г. Санкт-Петербург, Планерная ул, 49",60.017881,30.228875,exact,"Россия, Санкт-Петербург, Планерная улица, 49",
,,,,,,,,"г. Санкт-Петербург, г.Санкт-Петербург, г. Санкт-Петербург, Планерная ул, 59 Лит.А",60.022238,30.225219,exact,"Россия, Санкт-Петербург, Планерная улица, 59",
,,,,,,,,"г. Санкт-Петербург, г.Санкт-Петербург, г. Санкт-Петербург, Подвойского ул, 37 лит.А",59.917565,30.496995,exact,"Россия, Санкт-Петербург, улица Подвойского, 37",
,,,,,,,,"г. Санкт-Петербург, г.Санкт-Петербург, г. Санкт-Петербург, Пражская ул., 48/50 л.А, п.2Н",59.863328,30.404083,number,"Россия, Санкт-Петербург, Пражская улица, 48/50",
,,,,,,,,"г. Санкт-Петербург, г.Санкт-Петербург, г. Санкт-Петербург, Прибрежная ул, 13 лит.А",59.834167,30.5042,exact,"Россия, Санкт-Петербург, Прибрежная улица, 13",
,,,,,,,,"г. Санкт-Петербург, г.Санкт-Петербург, г. Санкт-Петербург, Просвещения пр-кт, 60 к.1,лит.А",60.047425,30.365374,exact,"Россия, Санкт-Петербург, проспект Просвещения, 60к1",
,,,,,,,,"г. Санкт-Петербург, г.Санкт-Петербург, г. Санкт-Петербург, Просвещения пр-кт, 74 к.2л.А",60.042447,30.389575,number,"Россия, Санкт-Петербург, проспект Просвещения, 74к2",
,,,,,,,,"г. Санкт-Петербург, г.Санкт-Петербург, г. Санкт-Петербург, Просвещения пр-т, 19 л.А,чп1Н",60.052703,30.331202,number,"Россия, Санкт-Петербург, проспект Просвещения, 19",
,,,,,,,,"г. Санкт-Петербург, г.Санкт-Петербург, г. Санкт-Петербург, Просвещения пр-т, 37 А",60.047429,30.356005,exact,"Россия, Санкт-Петербург, проспект Просвещения, 37А",
,,,,,,,,"г. Санкт-Петербург, г.Санкт-Петербург, г. Санкт-Петербург, Просвещения пр-т, 81 лит.А",60.037441,30.40658,exact,"Россия, Санкт-Петербург, проспект Просвещения, 81",
,,,,,,,,"г. Санкт-Петербург, г.Санкт-Петербург, г. Санкт-Петербург, Пятилеток пр-кт, 2 пом.38Н",59.919622,30.465222,exact,"Россия, Санкт-Петербург, проспект Пятилеток, 2",
,,,,,,,,"г. Санкт-Петербург, г.Санкт-Петербург, г. Санкт-Петербург, Пятилеток пр-кт, 8 к.1,лит.А",59.922395,30.458853,exact,"Россия, Санкт-Петербург, проспект Пятилеток, 8к1А",
,,,,,,,,"г. Санкт-Петербург, г.Санкт-Петербург, г. Санкт-Петербург, Революции ш., 41/39 л.А,п.1н",59.959683,30.439773,number,"Россия, Санкт-Петербург, шоссе Революции, 41/39",
,,,,,,,,"г. Санкт-Петербург, г.Санкт-Петербург, г. Санкт-Петербург, Репищева ул., 13 к.1",60.023596,30.283933,exact,"Россия, Санкт-Петербург, Репищева улица, 13к1",
,,,,,,,,"г. Санкт-Петербург, г.Санкт-Петербург, г. Санкт-Петербург, Савушкина ул, 116 лит.А",59.985935,30.218437,exact,"Россия, Санкт-Петербург, улица Савушкина, 116",
,,,,,,,,"г. Санкт-Петербург, г.Санкт-Петербург, г. Санкт-Петербург, Савушкина ул, 132 к.1 лит.А",59.988878,30.198153,exact,"Россия, Санкт-Петербург, улица Савушкина, 132к1",
,,,,,,,,"г. Санкт-Петербург, г.Санкт-Петербург, г. Санкт-Петербург, Савушкина ул., 141 л.А,чп1Н",59.990899,30.205789,number,"Россия, Санкт-Петербург, улица Савушкина, 141",
,,,,,,,,"г. Санкт-Петербург, г.Санкт-Петербург, г. Санкт-Петербург, Свердловская наб., 60 лит.В",59.95548,30.409284,exact,"Россия, Санкт-Петербург, Свердловская набережная, 60В",
,,,,,,,,"г. Санкт-Петербург, г.Санкт-Петербург, г. Санкт-Петербург, Симонова ул, 1 лит.А",60.05578,30.323809,exact,"Россия, Санкт-Петербург, улица Симонова, 1",
,,,,,,,,"г. Санкт-Петербург, г.Санкт-Петербург, г. Санкт-Петербург, Средний В.О. пр-т, 36/40,38 лит.Ж",59.938676,30.314494,other,"Россия, Санкт-Петербург",
,,,,,,,,"г. Санкт-Петербург, г.Санкт-Петербург, г. Санкт-Петербург, ст.Рыбацкое,уч.ж.д.'ул.Юннатов – ст.Рыбацкое', л.Е,чп1-Н",59.83513,30.495055,near,"Россия, Санкт-Петербург, улица Юннатов, 3",
,,,,,,,,"г. Санкт-Петербург, г.Санкт-Петербург, г. Санкт-Петербург, Стародеревенская ул, 25 лит.А,п.1",60.004766,30.247857,exact,"Россия, Санкт-Петербург, Стародеревенская улица, 25",
,,,,,,,,"г. Санкт-Петербург, г.Санкт-Петербург, г. Санкт-Петербург, Стачек пл., 7 л.А,чп1Н",59.900723,30.272219,number,"Россия, Санкт-Петербург, площадь Стачек, 7",
,,,,,,,,"г. Санкт-Петербург, г.Санкт-Петербург, г. Санкт-Петербург, Стачек пр-т, 99 А",59.858792,30.248342,exact,"Россия, Санкт-Петербург, проспект Стачек, 99",
,,,,,,,,"г. Санкт-Петербург, г.Санкт-Петербург, г. Санкт-Петербург, Стрельнинское ш, 1 лит.А",59.780146,30.08422,near,"Россия, Ленинградская область, Ломоносовский район, Аннинское городское поселение, деревня Пески, Стрельнинское шоссе, 9А",
,,,,,,,,"г. Санкт-Петербург, г.Санкт-Петербург, г. Санкт-Петербург, Тверская ул., 58/6 л.А,ч.п.1Н",59.938784,30.314997,other,"Россия, Санкт-Петербург",
,,,,,,,,"г. Санкт-Петербург, г.Санкт-Петербург, г. Санкт-Петербург, Тельмана ул, 48 к.1,л.А,п2",59.893186,30.483224,number,"Россия, Санкт-Петербург, улица Тельмана, 48к1",
,,,,,,,,"г. Санкт-Петербург, г.Санкт-Петербург, г. Санкт-Петербург, Типанова ул., 21 л.А,чп1Н",59.853288,30.340707,number,"Россия, Санкт-Петербург, улица Типанова, 21",
,,,,,,,,"г. Санкт-Петербург, г.Санкт-Петербург, г. Санкт-Петербург, Тихая ул, 3 стр.1",60.19856,29.636885,number,"Россия, Санкт-Петербург, Зеленогорск, Тихая улица, 3БД",
,,,,,,,,"г. Санкт-Петербург, г.Санкт-Петербург, г. Санкт-Петербург, Туристская ул., 36 к.1,л.А",60.008324,30.211996,number,"Россия, Санкт-Петербург, Туристская улица, 36к1",
,,,,,,,,"г. Санкт-Петербург, г.Санкт-Петербург, г. Санкт-Петербург, Уточкина ул., 4 корп.1",60.010956,30.261646,exact,"Россия, Санкт-Петербург, улица Уточкина, 4к1А",
,,,,,,,,"г. Санкт-Петербург, г.Санкт-Петербург, г. Санкт-Петербург, Художников пр-кт, 13 к1лАчп1Н",59.938676,30.314494,other,"Россия, Санкт-Петербург",
,,,,,,,,"г. Санкт-Петербург, г.Санкт-Петербург, г. Санкт-Петербург, Чкаловский пр-кт, 15 л.А,ч.п.1Н",59.962251,30.296006,number,"Россия, Санкт-Петербург, Чкаловский проспект, 15Л",
,,,,,,,,"г. Санкт-Петербург, г.Санкт-Петербург, г. Санкт-Петербург, Шлиссельбургский пр-т., 17 1 лит. А",59.839353,30.494839,number,"Россия, Санкт-Петербург, Шлиссельбургский проспект, 17к1",
,,,,,,,,"г. Санкт-Петербург, г.Санкт-Петербург, г. Санкт-Петербург, Щербакова ул, 7 к.1,лит.А",60.029193,30.298297,exact,"Россия, Санкт-Петербург, улица Щербакова, 7",
,,,,,,,,"г. Санкт-Петербург, г.Санкт-Петербург, г. Санкт-Петербург, Энгельса пр-кт, 120 л.А,ч.п.1Н",60.036542,30.321213,number,"Россия, Санкт-Петербург, проспект Энгельса, 120",
,,,,,,,,"г. Санкт-Петербург, г.Санкт-Петербург, г. Санкт-Петербург, Энгельса пр-кт, 33 к.1,лит.А",60.009606,30.326307,exact,"Россия, Санкт-Петербург, проспект Энгельса, 33к1",
,,,,,,,,"г. Санкт-Петербург, г.Санкт-Петербург, г. Санкт-Петербург, Энергетиков пр-кт, 70 к1лАчп1Нп1",59.938676,30.314494,other,"Россия, Санкт-Петербург",
,,,,,,,,"г. Санкт-Петербург, г.Санкт-Петербург, г. Санкт-Петербург, Энергетиков пр-кт, 8, к.1 л.А,п.1-Н",59.937851,30.434643,number,"Россия, Санкт-Петербург, проспект Энергетиков, 8к1",
,,,,,,,,"г. Санкт-Петербург, г.Санкт-Петербург, г. Санкт-Петербург, Ярослава Гашека ул, 14 лит.А",59.836667,30.403634,exact,"Россия, Санкт-Петербург, улица Ярослава Гашека, 14",
,,,,,,,,"г. Санкт-Петербург, г.Санкт-Петербург,г.Зеленогорск, г. Санкт-Петербург,г.Зеленогорск, Вокзальная ул, 7 лит.Б",60.205934,29.703684,exact,"Россия, Санкт-Петербург, Зеленогорск, Вокзальная улица, 7",
,,,,,,,,"г. Санкт-Петербург, г.Санкт-Петербург,г.Колпино, г. Санкт-Петербург,г.Колпино, Тверская ул, 36/9 лит.А",59.740525,30.611333,exact,"Россия, Санкт-Петербург, Колпино, Тверская улица, 36/9",
,,,,,,,,"г. Санкт-Петербург, г.Санкт-Петербург,г.Колпино, г. Санкт-Петербург,г.Колпино, Трудящихся б-р, 12 лит.А,2Н3Н",59.737373,30.572095,number,"Россия, Санкт-Петербург, Колпино, бульвар Трудящихся, 12",
,,,,,,,,"г. Санкт-Петербург, г.Санкт-Петербург,г.Петергоф, г. Санкт-Петербург,г.Петергоф, Гостилицкая ул., 2А л.А",59.878513,29.860108,number,"Россия, Санкт-Петербург, Петергоф, Гостилицкая улица, 2А",
,,,,,,,,"г. Санкт-Петербург, г.Санкт-Петербург,г.Пушкин, г. Санкт-Петербург,г.Пушкин, Гусарская ул, 4 лит.АВ",59.703689,30.384472,exact,"Россия, Санкт-Петербург, Пушкин, Гусарская улица, 4АВ",
,,,,,,,,"г. Санкт-Петербург, г.Санкт-Петербург,п.Парголово, г. Санкт-Петербург,п.Парголово, 4-й Верхний пер, 1А лит.А",60.071941,30.340698,number,"Россия, Санкт-Петербург, посёлок Парголово, улица Меркурьева, 6",
,,,,,,,,"г. Санкт-Петербург, г.Санкт-Петербург,п.Шушары, г. Санкт-Петербург,п.Шушары, Колпинское ш., 77 лит.А",59.732434,30.469821,exact,"Россия, Санкт-Петербург, Пушкинский район, посёлок Шушары, территория Детскосельский, Колпинское шоссе, 77",
,,,,,,,,"г. Санкт-Петербург, г.Санкт-Петербург,п.Шушары, г. Санкт-Петербург,п.Шушары, Полоцкая (Славянка тер) ул, 10 л.А",59.737935,30.463515,number,"Россия, Санкт-Петербург, Пушкинский район, посёлок Шушары, территория Славянка, Полоцкая улица, 10",
,,,,,,,,"г. Санкт-Петербург, г.Санкт-Петербург,п.Шушары,тер.Славянка, г. Санкт-Петербург,п.Шушары,тер.Славянка, Ростовская ул, 20 с.1,п.5-Н",59.743046,30.472965,exact,"Россия, Санкт-Петербург, Пушкинский район, посёлок Шушары, территория Славянка, Ростовская улица, 20",
,,,,,,,,"Московская обл., г.Котельники, Сосновая ул, 5, к.1,п.2",55.674057,37.857198,exact,"Россия, Московская область, Котельники, Сосновая улица, 5к1, подъезд 2",
,,,,,,,,"Московская обл., г.Красногорск, Октябрьская ул, 19Б, пом.2",55.830361,37.329069,exact,"Россия, Московская область, Красногорск, Октябрьская улица, 19Б, подъезд 1, этаж 1, кв. 2",
,,,,,,,,"Краснодарский край, г.Краснодар, Западный Обход ул, з/у 41/1",45.09306,38.90652,exact,"Россия, Краснодар, улица Западный Обход, 41/1",
,,,,,,,,"г. Москва, г.Москва, 2-ая Филевская ул., 14",55.739488,37.491009,exact,"Россия, Москва, 2-я Филёвская улица, 14",
,,,,,,,,"г. Москва, г.Москва, 26 Бакинских Комиссаров ул, 7 к.6",55.655493,37.484667,exact,"Россия, Москва, улица 26 Бакинских Комиссаров, 7к6",
,,,,,,,,"г. Москва, г.Москва, 3-ая Парковая ул, 57",55.805432,37.781021,exact,"Россия, Москва, 3-я Парковая улица, 57",
,,,,,,,,"г. Москва, г.Москва, 3-й Крутицкий пер., 18",55.731855,37.664033,exact,"Россия, Москва, 3-й Крутицкий переулок, 18",
,,,,,,,,"г. Москва, г.Москва, 3-я Парковая ул., 24",55.794968,37.783734,exact,"Россия, Москва, 3-я Парковая улица, 24",
,,,,,,,,"г. Москва, г.Москва, 3-я Хорошевская ул, 21А",55.785787,37.49877,exact,"Россия, Москва, 3-я Хорошёвская улица, 21А",
,,,,,,,,"г. Москва, г.Москва, Авиационная ул, 66",55.809687,37.460098,exact,"Россия, Москва, Авиационная улица, 66",
,,,,,,,,"г. Москва, г.Москва, Адмирала Лазарева ул., 24",55.546924,37.532475,exact,"Россия, Москва, улица Адмирала Лазарева, 24",
,,,,,,,,"г. Москва, г.Москва, Адмирала Лазарева ул., 52",55.542767,37.518291,exact,"Россия, Москва, улица Адмирала Лазарева, 52",
,,,,,,,,"г. Москва, г.Москва, Адмирала Ушакова б-р, 7",55.546312,37.551232,exact,"Россия, Москва, бульвар Адмирала Ушакова, 7",
,,,,,,,,"г. Москва, г.Москва, Азовская ул., 24 корп. 3",55.647559,37.595492,exact,"Россия, Москва, Азовская улица, 24к3",
,,,,,,,,"г. Москва, г.Москва, Академика Анохина ул., 58",55.650241,37.469171,exact,"Россия, Москва, улица Академика Анохина, 58",
,,,,,,,,"г. Москва, г.Москва, Академика Варги ул, 8 к.1",55.630141,37.474453,exact,"Россия, Москва, улица Академика Варги, 8к1",
,,,,,,,,"г. Москва, г.Москва, Академика Капицы ул., 34/121",55.628535,37.517617,exact,"Россия, Москва, улица Академика Капицы, 34/121",
,,,,,,,,"г. Москва, г.Москва, Академика Янгеля ул., 8 А",55.596696,37.589814,exact,"Россия, Москва, улица Академика Янгеля, 8А",
,,,,,,,,"г. Москва, г.Москва, Алтуфьевское ш, 18А",55.858129,37.585583,exact,"Россия, Москва, Алтуфьевское шоссе, 18А",
,,,,,,,,"г. Москва, г.Москва, Алтуфьевское ш., 40 Д",55.871016,37.591198,exact,"Россия, Москва, Алтуфьевское шоссе, 40Д",
,,,,,,,,"г. Москва, г.Москва, Алтуфьевское ш., 70",55.888296,37.588683,exact,"Россия, Москва, Алтуфьевское шоссе, 70к1",
,,,,,,,,"г. Москва, г.Москва, Алтуфьевское ш., 8",55.852794,37.585853,exact,"Россия, Москва, Алтуфьевское шоссе, 8",
,,,,,,,,"г. Москва, г.Москва, Алтуфьевское шоссе, 95",55.901955,37.585628,exact,"Россия, Москва, Алтуфьевское шоссе, 95",
,,,,,,,,"г. Москва, г.Москва, Аминьевское ш, 6",55.707299,37.456828,exact,"Россия, Москва, Аминьевское шоссе, 6",
,,,,,,,,"г. Москва, г.Москва, Ангелов пер., 7",55.851707,37.347853,exact,"Россия, Москва, Ангелов переулок, 7",
,,,,,,,,"г. Москва, г.Москва, Андропова пр-кт, 22",55.68264,37.661787,exact,"Россия, Москва, проспект Андропова, 22",
,,,,,,,,"г. Москва, г.Москва, Андропова пр-кт, 8",55.695875,37.664905,exact,"Россия, Москва, проспект Андропова, 8",
,,,,,,,,"г. Москва, г.Москва, Андропова пр-т, 36",55.675798,37.661841,exact,"Россия, Москва, проспект Андропова, 36",
,,,,,,,,"г. Москва, г.Москва, Байкальская ул, 12",55.816232,37.788989,exact,"Россия, Москва, Байкальская улица, 12",
,,,,,,,,"г. Москва, г.Москва, Бакинская ул, 17",55.620382,37.657718,exact,"Россия, Москва, Бакинская улица, 17",
,,,,,,,,"г. Москва, г.Москва, Балаклавский пр-кт, 16А",55.642225,37.603442,exact,"Россия, Москва, Балаклавский проспект, 16А",
,,,,,,,,"г. Москва, г.Москва, Береговой проезд, 5 А,корп.1",55.755023,37.509245,exact,"Россия, Москва, Береговой проезд, 5Ак1",
,,,,,,,,"г. Москва, г.Москва, Бибиревская ул, 11, пом.2",55.88096,37.595779,exact,"Россия, Москва, Бибиревская улица, 11, подъезд 1, этаж 1, кв. 2",
,,,,,,,,"г. Москва, г.Москва, Бирюлевская ул, 21 к.1",55.594102,37.664985,exact,"Россия, Москва, Бирюлёвская улица, 21к1",
,,,,,,,,"г. Москва, г.Москва, Бирюлевская ул., 51 корп. 1",55.582655,37.671507,exact,"Россия, Москва, Бирюлёвская улица, 51к1",
,,,,,,,,"г. Москва, г.Москва, Болотниковская ул, 30",55.658352,37.595618,exact,"Россия, Москва, Болотниковская улица, 30",
,,,,,,,,"г. Москва, г.Москва, Большая Дорогомиловская ул., 8",55.746243,37.565434,exact,"Россия, Москва, Большая Дорогомиловская улица, 8",
,,,,,,,,"г. Москва, г.Москва, Большая Полянка ул., 28 стр.1",55.736012,37.618659,exact,"Россия, Москва, улица Большая Полянка, 28к1",
,,,,,,,,"г. Москва, г.Москва, Большая Семеновская ул., 16",55.782076,37.704125,exact,"Россия, Москва, Большая Семёновская улица, 16",
,,,,,,,,"г. Москва, г.Москва, Большая Тульская ул, 2",55.709018,37.62077,exact,"Россия, Москва, Большая Тульская улица, 2",
,,,,,,,,"г. Москва, г.Москва, Большой Овчинниковский пер, 16,",55.74446,37.630221,exact,"Россия, Москва, Большой Овчинниковский переулок, 16",
,,,,,,,,"г. Москва, г.Москва, Борисовские Пруды ул, 10 к.1",55.635467,37.739752,exact,"Россия, Москва, улица Борисовские Пруды, 10к1",
,,,,,,,,"г. Москва, г.Москва, Борисовские пруды ул, 26",55.639969,37.758132,exact,"Россия, Москва, улица Борисовские Пруды, 26",
,,,,,,,,"г. Москва, г.Москва, Борисовский проезд, 3 к.1",55.625328,37.714599,exact,"Россия, Москва, Борисовский проезд, 3к1",
,,,,,,,,"г. Москва, г.Москва, Боровское ш., 35",55.641204,37.359801,exact,"Россия, Москва, Боровское шоссе, 35",
,,,,,,,,"г. Москва, г.Москва, Боровское ш., 46",55.636524,37.348401,exact,"Россия, Москва, Боровское шоссе, 46",
,,,,,,,,"г. Москва, г.Москва, Боровское ш., 6",55.658799,37.401914,exact,"Россия, Москва, Боровское шоссе, 6",
,,,,,,,,"г. Москва, г.Москва, Братиславская ул., 12",55.659764,37.753065,exact,"Россия, Москва, Братиславская улица, 12",
,,,,,,,,"г. Москва, г.Москва, Братиславская, 27 корп. 1",55.654538,37.765561,exact,"Россия, Москва, Братиславская улица, 27к1",
,,,,,,,,"г. Москва, г.Москва, Братьев Весниных б-р, 2",55.698807,37.63853,exact,"Россия, Москва, бульвар Братьев Весниных, 2",
,,,,,,,,"г. Москва, г.Москва, Вавилова ул., 66 стр.1",55.683112,37.549193,exact,"Россия, Москва, улица Вавилова, 66",
,,,,,,,,"г. Москва, г.Москва, Валовая ул, 43313, п.3/1",55.730502,37.63102,street,"Россия, Москва, Валовая улица",
,,,,,,,,"г. Москва, г.Москва, Варшавское ш, 143А пом.1",55.583922,37.599193,exact,"Россия, Москва, Варшавское шоссе, 143А",
,,,,,,,,"г. Москва, г.Москва, Варшавское ш, 152А",55.594514,37.599166,exact,"Россия, Москва, Варшавское шоссе, 152А",
,,,,,,,,"г. Москва, г.Москва, Варшавское ш, 210 с.1",55.535182,37.581155,exact,"Россия, Москва, Варшавское шоссе, 210с1",
,,,,,,,,"г. Москва, г.Москва, Варшавское ш., 124 кор. 1",55.627565,37.615937,exact,"Россия, Москва, Варшавское шоссе, 124к1",
,,,,,,,,"г. Москва, г.Москва, Варшавское ш., 160",55.582991,37.595249,exact,"Россия, Москва, Варшавское шоссе, 160",
,,,,,,,,"г. Москва, г.Москва, Варшавское ш., 26 стр5,6,7,8",55.683909,37.621552,number,"Россия, Москва, Варшавское шоссе, 26с5",
,,,,,,,,"г. Москва, г.Москва, Варшавское ш., 87 Б",55.653644,37.620698,exact,"Россия, Москва, Варшавское шоссе, 87Б",
,,,,,,,,"г. Москва, г.Москва, Веневская ул., 15",55.544275,37.548627,exact,"Россия, Москва, Венёвская улица, 15",
,,,,,,,,"г. Москва, г.Москва, Вернадского пр-кт, 86А",55.663024,37.481001,exact,"Россия, Москва, проспект Вернадского, 86А",
,,,,,,,,"г. Москва, г.Москва, Вешняковская ул., 18",55.724089,37.825101,exact,"Россия, Москва, Вешняковская улица, 18",
,,,,,,,,"г. Москва, г.Москва, Вешняковская ул., 22 А",55.720403,37.822137,exact,"Россия, Москва, Вешняковская улица, 22А",
,,,,,,,,"г. Москва, г.Москва, Вильнюсская ул, 1, пом.2",55.606883,37.524776,exact,"Россия, Москва, Вильнюсская улица, 1",
,,,,,,,,"г. Москва, г.Москва, Волгоградский пр-кт, 1 стр.1",55.733462,37.671112,exact,"Россия, Москва, Волгоградский проспект, 1с1",
,,,,,,,,"г. Москва, г.Москва, Волгоградский пр-кт, 18 стр.1",55.728327,37.677283,exact,"Россия, Москва, Волгоградский проспект, 18с1",
,,,,,,,,"г. Москва, г.Москва, Волжский б-р, 7",55.714364,37.745555,exact,"Россия, Москва, Юго-Восточный административный округ, район Текстильщики, Волжский Бульвар 95-й квартал, к7",
,,,,,,,,"г. Москва, г.Москва, Волжский Бульвар кв-л, 113А корп.1",55.700035,37.752356,exact,"Россия, Москва, Юго-Восточный административный округ, район Кузьминки, Волжский Бульвар квартал 113А, к1",
,,,,,,,,"г. Москва, г.Москва, Волочаевская ул., 12а стр.1",55.75593,37.681982,exact,"Россия, Москва, Волочаевская улица, 12Ас1",
,,,,,,,,"г. Москва, г.Москва, Воротынская ул., 18",55.889982,37.388439,exact,"Россия, Москва, Воротынская улица, 18",
,,,,,,,,"г. Москва, г.Москва, Востряковский, 17а",55.575108,37.64763,exact,"Россия, Москва, Востряковский проезд, 17А",
,,,,,,,,"г. Москва, г.Москва, Габричевского ул, 10 к.3",55.815787,37.462218,exact,"Россия, Москва, улица Габричевского, 10к3",
,,,,,,,,"г. Москва, г.Москва, Гарибальди ул., 23/54",55.67161,37.554843,exact,"Россия, Москва, улица Гарибальди, 23/54",
,,,,,,,,"г. Москва, г.Москва, Генерала Белобородова ул., 14 к.1",55.835468,37.354402,exact,"Россия, Москва, улица Генерала Белобородова, 14к1",
,,,,,,,,"г. Москва, г.Москва, Генерала Кузнецова ул, 22",55.685919,37.853964,exact,"Россия, Москва, улица Генерала Кузнецова, 22",
,,,,,,,,"г. Москва, г.Москва, Генерала Кузнецова ул., 25 кор. 1",55.681864,37.853479,exact,"Россия, Москва, улица Генерала Кузнецова, 25к1",
,,,,,,,,"г. Москва, г.Москва, Генерала Тюленева ул., 25 кор.1",55.619777,37.488404,exact,"Россия, Москва, улица Генерала Тюленева, 25к1",
,,,,,,,,"г. Москва, г.Москва, Героев Панфиловцев ул., 7",55.857144,37.43207,exact,"Россия, Москва, улица Героев Панфиловцев, 7",
,,,,,,,,"г. Москва, г.Москва, Голубинская ул., 28",55.595094,37.541539,exact,"Россия, Москва, Голубинская улица, 28",
,,,,,,,,"г. Москва, г.Москва, Голубинская ул., 5 кор.1",55.606894,37.513233,exact,"Россия, Москва, Голубинская улица, 5к1",
,,,,,,,,"г. Москва, г.Москва, Грина ул., 7",55.567102,37.569764,exact,"Россия, Москва, улица Грина, 7",
,,,,,,,,"г. Москва, г.Москва, Дежнева пр-д, 21",55.870481,37.638009,exact,"Россия, Москва, проезд Дежнёва, 21",
,,,,,,,,"г. Москва, г.Москва, Декабристов ул, 12",55.863171,37.602148,exact,"Россия, Москва, улица Декабристов, 12",
,,,,,,,,"г. Москва, г.Москва, Дмитровское ш, 73 с.3",55.856972,37.557745,exact,"Россия, Москва, Дмитровское шоссе, 73с3",
,,,,,,,,"г. Москва, г.Москва, Дмитровское ш, 80 с.1",55.864177,37.551241,exact,"Россия, Москва, Дмитровское шоссе, 80",
,,,,,,,,"г. Москва, г.Москва, Дмитровское ш., 13 кор. 1",55.818129,37.573214,exact,"Россия, Москва, Дмитровское шоссе, 13к1",
,,,,,,,,"г. Москва, г.Москва, Дмитровское ш., 89",55.863833,37.545581,exact,"Россия, Москва, Дмитровское шоссе, 89",
,,,,,,,,"г. Москва, г.Москва, Долгоруковская ул, 5, п.20Б/1/1",55.755819,37.617644,other,"Россия, Москва",
,,,,,,,,"г. Москва, г.Москва, Домодедовская ул., 28",55.604758,37.712345,exact,"Россия, Москва, Домодедовская улица, 28",
,,,,,,,,"г. Москва, г.Москва, Дубнинская ул, 40А к.1",55.888967,37.558427,exact,"Россия, Москва, Дубнинская улица, 40Ак1",
,,,,,,,,"г. Москва, г.Москва, Дубнинская ул., 30",55.877374,37.559119,exact,"Россия, Москва, Дубнинская улица, 30",
,,,,,,,,"г. Москва, г.Москва, Дубравная ул., 34/29",55.846381,37.358148,exact,"Россия, Москва, Дубравная улица, 34/29",
,,,,,,,,"г. Москва, г.Москва, Дыбенко ул, 44933 стр.1",55.867985,37.483831,number,"Россия, Москва, улица Дыбенко, 1Бс1",
,,,,,,,,"г. Москва, г.Москва, Елецкая ул., 15",55.607336,37.733769,exact,"Россия, Москва, Елецкая улица, 15",
,,,,,,,,"г. Москва, г.Москва, Жулебинский б-р, 6 дробь 11",55.699619,37.846059,exact,"Россия, Москва, Жулебинский бульвар, 6/11",
,,,,,,,,"г. Москва, г.Москва, Завода Серп и Молот проезд, 10",55.752587,37.702355,exact,"Россия, Москва, проезд Завода Серп и Молот, 10",
,,,,,,,,"г. Москва, г.Москва, Заревый пр-д, 45274",55.884949,37.657071,street,"Россия, Москва, Заревый проезд",
,,,,,,,,"г. Москва, г.Москва, Зеленоградская ул, 33 к.2",55.875223,37.490497,exact,"Россия, Москва, Зеленоградская улица, 33к2",
,,,,,,,,"г. Москва, г.Москва, Зеленодольская ул., 40",55.704118,37.765767,exact,"Россия, Москва, Зеленодольская улица, 40",
,,,,,,,,"г. Москва, г.Москва, Зеленый пр-кт, 62А",55.750798,37.820403,exact,"Россия, Москва, Зелёный проспект, 62А",
,,,,,,,,"г. Москва, г.Москва, Земляной вал ул., 33",55.757339,37.659173,exact,"Россия, Москва, улица Земляной Вал, 33",
,,,,,,,,"г. Москва, г.Москва, Измайловское ш., 71 А",55.789563,37.752526,exact,"Россия, Москва, Измайловское шоссе, 71А",
,,,,,,,,"г. Москва, г.Москва, Кантемировская ул., 6 к.1",55.637891,37.67767,exact,"Россия, Москва, Кантемировская улица, 6к1",
,,,,,,,,"г. Москва, г.Москва, Карамышевская наб, 2А",55.769135,37.494521,exact,"Россия, Москва, Карамышевская набережная, 2А",
,,,,,,,,"г. Москва, г.Москва, Каховка ул, 27",55.655437,37.571947,exact,"Россия, Москва, улица Каховка, 27",
,,,,,,,,"г. Москва, г.Москва, Каховка ул, 29А",55.656336,37.569432,exact,"Россия, Москва, улица Каховка, 29А",
,,,,,,,,"г. Москва, г.Москва, Каширское ш, 26",55.65335,37.646336,exact,"Россия, Москва, Каширское шоссе, 26",
,,,,,,,,"г. Москва, г.Москва, Каширское ш, 61, к.3А,п.2",55.617342,37.715812,exact,"Россия, Москва, Каширское шоссе, 61к3А",
,,,,,,,,"г. Москва, г.Москва, Каширское ш, 65 к.3",55.598863,37.72528,exact,"Россия, Москва, Каширское шоссе, 65к3",
,,,,,,,,"г. Москва, г.Москва, Каширское ш, 80",55.62453,37.709138,exact,"Россия, Москва, Каширское шоссе, 80",
,,,,,,,,"г. Москва, г.Москва, Керамический пр-д, 51 к.2",55.875486,37.564572,exact,"Россия, Москва, Керамический проезд, 51к2",
,,,,,,,,"г. Москва, г.Москва, Кибальчича ул, 12 к.2",55.815458,37.653316,exact,"Россия, Москва, улица Кибальчича, 12к2",
,,,,,,,,"г. Москва, г.Москва, Киевского Вокзала пл., 2",55.744637,37.566072,exact,"Россия, Москва, площадь Киевского Вокзала, 2",
,,,,,,,,"г. Москва, г.Москва, Кировоградская ул, 14",55.622609,37.605939,exact,"Россия, Москва, Кировоградская улица, 14",
,,,,,,,,"г. Москва, г.Москва, Кировоградская ул, 9 к.4",55.621719,37.611742,exact,"Россия, Москва, Кировоградская улица, 9к4",
,,,,,,,,"г. Москва, г.Москва, Кожевническая ул, 10, стр.1",55.729245,37.645411,exact,"Россия, Москва, Кожевническая улица, 10с1",
,,,,,,,,"г. Москва, г.Москва, Коломенская ул., 7",55.682128,37.702885,exact,"Россия, Москва, Коломенская улица, 7",
,,,,,,,,"г. Москва, г.Москва, Коровий Вал ул, 5,",55.728854,37.62033,exact,"Россия, Москва, улица Коровий Вал, 5",
,,,,,,,,"г. Москва, г.Москва, Коровий вал ул., 1А с.1,2,3",55.729245,37.621776,exact,"Россия, Москва, улица Коровий Вал, 1Ас1",
,,,,,,,,"г. Москва, г.Москва, Коровинское ш, 24 к.1",55.882298,37.519934,exact,"Россия, Москва, Коровинское шоссе, 24к1",
,,,,,,,,"г. Москва, г.Москва, Космонавта Волкова ул, 6А",55.815312,37.512631,exact,"Россия, Москва, улица Космонавта Волкова, 6А",
,,,,,,,,"г. Москва, г.Москва, Космонавтов ул, 15",55.82174,37.66026,exact,"Россия, Москва, улица Космонавтов, 15",
,,,,,,,,"г. Москва, г.Москва, Котельническая наб, 42005, к.А,п.8/1",55.746081,37.642429,near,"Россия, Москва, Котельническая набережная, 1/15кА",
,,,,,,,,"г. Москва, г.Москва, Краснобогатырская ул, 90 стр.2",55.800428,37.710063,exact,"Россия, Москва, Краснобогатырская улица, 90с2",
,,,,,,,,"г. Москва, г.Москва, Краснодарская ул, 51 к.2",55.677341,37.765408,exact,"Россия, Москва, Краснодарская улица, 51к2",
,,,,,,,,"г. Москва, г.Москва, Краснопрудная ул., 13А",55.780446,37.666162,exact,"Россия, Москва, Краснопрудная улица, 13А",
,,,,,,,,"г. Москва, г.Москва, Кронштадтский б-р, 3А",55.840897,37.48543,exact,"Россия, Москва, Кронштадтский бульвар, 3А",
,,,,,,,,"г. Москва, г.Москва, Куприна пр-кт, 7, к.1,п.4-5Н",55.541112,37.47554,exact,"Россия, Москва, Новомосковский административный округ, район Коммунарка, проспект Куприна, 7к1",
,,,,,,,,"г. Москва, г.Москва, Кустанайская ул., 6",55.619584,37.752248,exact,"Россия, Москва, Кустанайская улица, 6",
,,,,,,,,"г. Москва, г.Москва, Кутузовский пр-кт, 57",55.727988,37.476061,exact,"Россия, Москва, Кутузовский проспект, 57",
,,,,,,,,"г. Москва, г.Москва, Кутузовский пр-т, 88",55.72564,37.449659,exact,"Россия, Москва, Кутузовский проспект, 88",
,,,,,,,,"г. Москва, г.Москва, Ладожская ул., 13",55.771859,37.684793,exact,"Россия, Москва, Ладожская улица, 13",
,,,,,,,,"г. Москва, г.Москва, Лазоревый проезд, 5 к.5",55.847311,37.635584,exact,"Россия, Москва, Лазоревый проезд, 5к5",
,,,,,,,,"г. Москва, г.Москва, Лебедянская ул, 14 1,2",55.586202,37.675639,exact,"Россия, Москва, Лебедянская улица, 14к2",
,,,,,,,,"г. Москва, г.Москва, Лебедянская ул, 17",55.587372,37.669854,exact,"Россия, Москва, Лебедянская улица, 17",
,,,,,,,,"г. Москва, г.Москва, Ленинградский пр-кт, 36",55.791137,37.559353,exact,"Россия, Москва, Ленинградский проспект, 36",
,,,,,,,,"г. Москва, г.Москва, Ленинградский пр-кт, 37Б",55.790256,37.544467,exact,"Россия, Москва, Ленинградский проспект, 37Б",
,,,,,,,,"г. Москва, г.Москва, Ленинградский пр-т, 31А стр.1",55.7836,37.560197,exact,"Россия, Москва, Ленинградский проспект, 31Ас1",
,,,,,,,,"г. Москва, г.Москва, Ленинградский пр-т, 80 17",55.807956,37.511508,exact,"Россия, Москва, Ленинградский проспект, 80к17",
,,,,,,,,"г. Москва, г.Москва, Ленинградское ш, 112 к.4",55.865333,37.465802,exact,"Россия, Москва, Ленинградское шоссе, 112к4",
,,,,,,,,"г. Москва, г.Москва, Ленинградское ш, 16А с.4",55.823216,37.497468,exact,"Россия, Москва, Ленинградское шоссе, 16Ас4",
,,,,,,,,"г. Москва, г.Москва, Ленинский пр-кт, 109",55.663705,37.511149,exact,"Россия, Москва, Ленинский проспект, 109",
,,,,,,,,"г. Москва, г.Москва, Ленинский пр-кт, 68/10, п.19/1",55.689141,37.545833,exact,"Россия, Москва, Ленинский проспект, 68/10",
,,,,,,,,"г. Москва, г.Москва, Ленинский пр-т, 99",55.668346,37.518353,exact,"Россия, Москва, Ленинский проспект, 99",
,,,,,,,,"г. Москва, г.Москва, Липецкая ул., 16/14 к.1",55.595715,37.671274,exact,"Россия, Москва, Липецкая улица, 16/14к1",
,,,,,,,,"г. Москва, г.Москва, Липецкая ул., 7 А",55.583632,37.682772,exact,"Россия, Москва, Липецкая улица, 7А",
,,,,,,,,"г. Москва, г.Москва, Литовский б-р, 22",55.611968,37.537586,exact,"Россия, Москва, Литовский бульвар, 22",
,,,,,,,,"г. Москва, г.Москва, Лобачевского ул., 2",55.665294,37.508831,exact,"Россия, Москва, улица Лобачевского, 2",
,,,,,,,,"г. Москва, г.Москва, Лобненская ул., 4А",55.889881,37.537676,exact,"Россия, Москва, Лобненская улица, 4А",
,,,,,,,,"г. Москва, г.Москва, Локомотивный пр-д, 4",55.838,37.576861,exact,"Россия, Москва, Локомотивный проезд, 4",
,,,,,,,,"г. Москва, г.Москва, Луганская ул, 5",55.626345,37.666522,exact,"Россия, Москва, Луганская улица, 5",
,,,,,,,,"г. Москва, г.Москва, Льва Толстого ул, 23 корп.1",55.734917,37.58482,exact,"Россия, Москва, улица Льва Толстого, 23к1",
,,,,,,,,"г. Москва, г.Москва, Люблинская ул., 102А",55.652314,37.742232,exact,"Россия, Москва, Люблинская улица, 102А",
,,,,,,,,"г. Москва, г.Москва, Люблинская ул., 169 корп. 2",55.649063,37.744944,exact,"Россия, Москва, Люблинская улица, 169к2",
,,,,,,,,"г. Москва, г.Москва, Магнитогорская ул, 2",55.772618,37.821041,exact,"Россия, Москва, Магнитогорская улица, 2",
,,,,,,,,"г. Москва, г.Москва, Максимова ул, 5",55.79764,37.467392,exact,"Россия, Москва, улица Максимова, 5",
,,,,,,,,"г. Москва, г.Москва, Малая Филевская ул, 13",55.736392,37.467383,exact,"Россия, Москва, Малая Филёвская улица, 13",
,,,,,,,,"г. Москва, г.Москва, Маломосковская ул, 20 с1",55.81256,37.651214,exact,"Россия, Москва, Маломосковская улица, 20с1",
,,,,,,,,"г. Москва, г.Москва, Малыгина ул., 7",55.880359,37.694729,exact,"Россия, Москва, улица Малыгина, 7",
,,,,,,,,"г. Москва, г.Москва, Марксистская ул., 1 корп.1",55.740243,37.658967,exact,"Россия, Москва, Марксистская улица, 1к1",
,,,,,,,,"г. Москва, г.Москва, Маршала Бирюзова ул., 32",55.799588,37.483023,exact,"Россия, Москва, улица Маршала Бирюзова, 32",
,,,,,,,,"г. Москва, г.Москва, Маршала Катукова ул, 18",55.806752,37.406531,exact,"Россия, Москва, улица Маршала Катукова, 18",
,,,,,,,,"г. Москва, г.Москва, Маршала Катукова ул., 25",55.805513,37.414427,exact,"Россия, Москва, улица Маршала Катукова, 25",
,,,,,,,,"г. Москва, г.Москва, Маршала Полубоярова ул., 16 корп. 1",55.685259,37.86257,exact,"Россия, Москва, улица Маршала Полубоярова, 16к1",
,,,,,,,,"г. Москва, г.Москва, Маршала Федоренко ул., 12",55.881707,37.488916,exact,"Россия, Москва, улица Маршала Федоренко, 12",
,,,,,,,,"г. Москва, г.Москва, Марьинский Парк ул, 35",55.666487,37.7881,exact,"Россия, Москва, улица Марьинский Парк, 35",
,,,,,,,,"г. Москва, г.Москва, Матвеевская ул, 2",55.705387,37.47916,exact,"Россия, Москва, Матвеевская улица, 2",
,,,,,,,,"г. Москва, г.Москва, Медынская ул., 7",55.58641,37.648214,exact,"Россия, Москва, Медынская улица, 7",
,,,,,,,,"г. Москва, г.Москва, Миклухо-Маклая ул., 37",55.645476,37.521318,exact,"Россия, Москва, улица Миклухо-Маклая, 37",
,,,,,,,,"г. Москва, г.Москва, Милашенкова ул, 4 с.7",55.822953,37.589347,exact,"Россия, Москва, улица Милашенкова, 4с7",
,,,,,,,,"г. Москва, г.Москва, Милашенкова ул., 8",55.825138,37.585305,exact,"Россия, Москва, улица Милашенкова, 8",
,,,,,,,,"г. Москва, г.Москва, Минская ул., 14-А",55.739225,37.484442,exact,"Россия, Москва, Минская улица, 14А",
,,,,,,,,"г. Москва, г.Москва, Мира пр-кт, 188Б к.2",55.834992,37.658329,exact,"Россия, Москва, проспект Мира, 188Бк2",
,,,,,,,,"г. Москва, г.Москва, Мира пр-кт, 33 к.1",55.780319,37.632098,exact,"Россия, Москва, проспект Мира, 33к1",
,,,,,,,,"г. Москва, г.Москва, Мира пр-кт, 92 стр.2",55.793232,37.636365,exact,"Россия, Москва, проспект Мира, 92с2",
,,,,,,,,"г. Москва, г.Москва, Митинская ул, 21",55.843262,37.3652,exact,"Россия, Москва, Митинская улица, 21",
,,,,,,,,"г. Москва, г.Москва, Михневская ул, 4",55.57863,37.665345,exact,"Россия, Москва, Михневская улица, 4",
,,,,,,,,"г. Москва, г.Москва, Мичуринский пр-кт, 31 к7",55.695682,37.498402,exact,"Россия, Москва, Мичуринский проспект, 31к7",
,,,,,,,,"г. Москва, г.Москва, Мичуринский пр-кт, 44А",55.694632,37.491817,exact,"Россия, Москва, Мичуринский проспект, 44А",
,,,,,,,,"г. Москва, г.Москва, Мичуринский пр-кт, вл.13/1",55.69794,37.512505,exact,"Россия, Москва, Мичуринский проспект, 13к1",
,,,,,,,,"г. Москва, г.Москва, Мичуринский пр-кт, Олимпийская деревня ул, 4 корп.1",55.676321,37.470419,exact,"Россия, Москва, улица Мичуринский Проспект, Олимпийская Деревня, 4к1",
,,,,,,,,"г. Москва, г.Москва, Мичуринский проспект.Олимпийская деревня ул, 3 к.1",55.6779,37.466745,exact,"Россия, Москва, улица Мичуринский Проспект, Олимпийская Деревня, 3к1",
,,,,,,,,"г. Москва, г.Москва, Можайское ш., 31 к.1",55.71841,37.420419,exact,"Россия, Москва, Можайское шоссе, 31к1",
,,,,,,,,"г. Москва, г.Москва, Мурановская ул, 15А",55.893601,37.600621,exact,"Россия, Москва, Мурановская улица, 15А",
,,,,,,,,"г. Москва, г.Москва, Мусы Джалиля ул., 6 к.2",55.628047,37.740929,exact,"Россия, Москва, улица Мусы Джалиля, 6к2",
,,,,,,,,"г. Москва, г.Москва, Мячковский б-р, 18 кор. 1",55.649921,37.758823,exact,"Россия, Москва, Мячковский бульвар, 18к1",
,,,,,,,,"г. Москва, г.Москва, Нагатинская ул., 16",55.678819,37.642959,exact,"Россия, Москва, Нагатинская улица, 16",
,,,,,,,,"г. Москва, г.Москва, Наметкина ул, 3",55.666046,37.545851,exact,"Россия, Москва, улица Намёткина, 3",
,,,,,,,,"г. Москва, г.Москва, Народного Ополчения ул, 24 п..1П",55.779818,37.48137,exact,"Россия, Москва, улица Народного Ополчения, 24",
,,,,,,,,"г. Москва, г.Москва, Нежинская ул., 6 корп.1",55.709596,37.470716,exact,"Россия, Москва, Нежинская улица, 6к1",
,,,,,,,,"г. Москва, г.Москва, Нижегородская ул., 2 к.1",55.738465,37.674508,exact,"Россия, Москва, Нижегородская улица, 2к1",
,,,,,,,,"г. Москва, г.Москва, Никитинская ул, 11",55.798454,37.774724,exact,"Россия, Москва, Никитинская улица, 11",
,,,,,,,,"г. Москва, г.Москва, Николо-Хованская ул, 28 стр.5",55.58931,37.454034,exact,"Россия, Москва, Новомосковский административный округ, район Коммунарка, Николо-Хованская улица, 28с5",
,,,,,,,,"г. Москва, г.Москва, Никулинская ул, 21",55.66898,37.453531,exact,"Россия, Москва, Никулинская улица, 21",
,,,,,,,,"г. Москва, г.Москва, Нововатутинский пр-т, 6",55.515258,37.350117,exact,"Россия, Москва, район Троицк, Нововатутинский проспект, 6",
,,,,,,,,"г. Москва, г.Москва, Новодмитровская Б.ул, 23 стр.3",55.802958,37.583742,exact,"Россия, Москва, Большая Новодмитровская улица, 23с3",
,,,,,,,,"г. Москва, г.Москва, Новокосинская ул, 10 корп. 2",55.734283,37.856668,exact,"Россия, Москва, Новокосинская улица, 10к2",
,,,,,,,,"г. Москва, г.Москва, Новокосинская ул, 47",55.743933,37.874473,exact,"Россия, Москва, Новокосинская улица, 47",
,,,,,,,,"г. Москва, г.Москва, Новокосинская ул., 14 А",55.737796,37.857045,exact,"Россия, Москва, Новокосинская улица, 14А",
,,,,,,,,"г. Москва, г.Москва, Новокуркинское ш, 1",55.884969,37.407196,exact,"Россия, Москва, Новокуркинское шоссе, 1",
,,,,,,,,"г. Москва, г.Москва, Новомарьинская ул., 14/15 п.2/1",55.654234,37.7585,exact,"Россия, Москва, Новомарьинская улица, 14/15",
,,,,,,,,"г. Москва, г.Москва, Новопетровская ул, 6",55.825664,37.51653,exact,"Россия, Москва, Новопетровская улица, 6",
,,,,,,,,"г. Москва, г.Москва, Новослободская ул., 4",55.779919,37.601771,exact,"Россия, Москва, Новослободская улица, 4",
,,,,,,,,"г. Москва, г.Москва, Новочеремушкинская ул., 26 1",55.680057,37.575298,exact,"Россия, Москва, Новочерёмушкинская улица, 26к1",
,,,,,,,,"г. Москва, г.Москва, Новочеркасский б-р, 20 к.5",55.645781,37.718166,exact,"Россия, Москва, Новочеркасский бульвар, 20к5",
,,,,,,,,"г. Москва, г.Москва, Новоясеневский пр-кт, 7",55.607489,37.532367,exact,"Россия, Москва, Новоясеневский проспект, 7",
,,,,,,,,"г. Москва, г.Москва, Новоясеневский пр-т, 11",55.60667,37.536284,exact,"Россия, Москва, Новоясеневский проспект, 11",
,,,,,,,,"г. Москва, г.Москва, Новый Арбат ул., 15",55.751933,37.593066,exact,"Россия, Москва, улица Новый Арбат, 15",
,,,,,,,,"г. Москва, г.Москва, Озерная ул, 35",55.669107,37.448033,exact,"Россия, Москва, Озёрная улица, 35",
,,,,,,,,"г. Москва, г.Москва, Онежская ул, 20",55.851763,37.520114,exact,"Россия, Москва, Онежская улица, 20",
,,,,,,,,"г. Москва, г.Москва, Онежская ул., 34 кор.1",55.858468,37.511463,exact,"Россия, Москва, Онежская улица, 34к1",
,,,,,,,,"г. Москва, г.Москва, Ореховый б-р, 14 к.3",55.60968,37.720106,exact,"Россия, Москва, Ореховый бульвар, 14к3",
,,,,,,,,"г. Москва, г.Москва, Осенний б-р, 12 кор. 1",55.758473,37.409334,exact,"Россия, Москва, Осенний бульвар, 12к1",
,,,,,,,,"г. Москва, г.Москва, Островитянова ул., 7",55.644348,37.494862,exact,"Россия, Москва, улица Островитянова, 7",
,,,,,,,,"г. Москва, г.Москва, Открытое ш, 4 стр.1",55.80909,37.72997,exact,"Россия, Москва, Открытое шоссе, 4с1",
,,,,,,,,"г. Москва, г.Москва, Очаковское ш, з/у 3А/8",55.695185,37.463314,number,"Россия, Москва, Очаковское шоссе, 3А",
,,,,,,,,"г. Москва, г.Москва, п.Рязановское, Симферопольское ш дор, 20А с.1",55.485336,37.564275,exact,"Россия, Москва, Новомосковский административный округ, район Щербинка, Симферопольское шоссе, 20Ас1",
,,,,,,,,"г. Москва, г.Москва, п.Сосенское, 26 кв-л, 3 к.3",55.584421,37.445976,near,"Россия, Москва, Новомосковский административный округ, район Коммунарка, квартал № 35, 1с3",
,,,,,,,,"г. Москва, г.Москва, п.Сосенское, Николо-Хованская ул, 7 стр.1",55.588883,37.451528,exact,"Россия, Москва, Новомосковский административный округ, район Коммунарка, Николо-Хованская улица, 7с1",
,,,,,,,,"г. Москва, г.Москва, Павелецкая пл, 3",55.731014,37.639958,exact,"Россия, Москва, Павелецкая площадь, 3",
,,,,,,,,"г. Москва, г.Москва, Паперника ул, 9",55.720859,37.787084,exact,"Россия, Москва, улица Паперника, 9",
,,,,,,,,"г. Москва, г.Москва, Парковая 3-я ул, 24 пом.2",55.794968,37.783734,exact,"Россия, Москва, 3-я Парковая улица, 24",
,,,,,,,,"г. Москва, г.Москва, Паустовского ул., 6 корп.1",55.600323,37.539069,exact,"Россия, Москва, улица Паустовского, 6к1",
,,,,,,,,"г. Москва, г.Москва, Первомайская ул., 42",55.792615,37.78712,exact,"Россия, Москва, Первомайская улица, 42",
,,,,,,,,"г. Москва, г.Москва, Перерва ул, 43 к.1",55.659653,37.74967,exact,"Россия, Москва, улица Перерва, 43к1",
,,,,,,,,"г. Москва, г.Москва, Перерва ул, 8 с.1п.1",55.654157,37.716405,exact,"Россия, Москва, улица Перерва, 8с1",
,,,,,,,,"г. Москва, г.Москва, Перовская ул., 61А",55.745291,37.797649,exact,"Россия, Москва, Перовская улица, 61А",
,,,,,,,,"г. Москва, г.Москва, Петрозаводская ул, 24А стр.1",55.867647,37.49347,exact,"Россия, Москва, Петрозаводская улица, 24Ас1",
,,,,,,,,"г. Москва, г.Москва, Планерная ул., 7",55.862823,37.435035,exact,"Россия, Москва, Планерная улица, 7",
,,,,,,,,"г. Москва, г.Москва, Плещеева ул., 4 с.1",55.883025,37.606757,exact,"Россия, Москва, улица Плещеева, 4с1",
,,,,,,,,"г. Москва, г.Москва, по.Внуковское, Омская ул, 7А",55.615837,37.263439,exact,"Россия, Москва, Новомосковский административный округ, район Внуково, Омская улица, 7А",
,,,,,,,,"г. Москва, г.Москва, Покрышкина ул., 5",55.664436,37.469225,exact,"Россия, Москва, улица Покрышкина, 5",
,,,,,,,,"г. Москва, г.Москва, Полярная ул, 21",55.87942,37.634604,exact,"Россия, Москва, Полярная улица, 21",
,,,,,,,,"г. Москва, г.Москва, пр-т Пролетарский, 19 1",55.641229,37.656173,exact,"Россия, Москва, Пролетарский проспект, 19к1",
,,,,,,,,"г. Москва, г.Москва, Пресненская наб., 2",55.749162,37.539742,exact,"Россия, Москва, Пресненская набережная, 2",
,,,,,,,,"г. Москва, г.Москва, Пришвина ул., 22",55.885575,37.602166,exact,"Россия, Москва, улица Пришвина, 22",
,,,,,,,,"г. Москва, г.Москва, Протопоповский пер, 3",55.780714,37.635063,exact,"Россия, Москва, Протопоповский переулок, 3",
,,,,,,,,"г. Москва, г.Москва, Профсоюзная ул, 129А",55.61813,37.507484,exact,"Россия, Москва, Профсоюзная улица, 129А",
,,,,,,,,"г. Москва, г.Москва, Профсоюзная ул., 61 А",55.656037,37.541512,exact,"Россия, Москва, Профсоюзная улица, 61А",
,,,,,,,,"г. Москва, г.Москва, Раменки ул., 3",55.6935,37.495985,exact,"Россия, Москва, улица Раменки, 3",
,,,,,,,,"г. Москва, г.Москва, Римского-Корсакова ул., 20",55.874329,37.60982,exact,"Россия, Москва, улица Римского-Корсакова, 20",
,,,,,,,,"г. Москва, г.Москва, Рождественская ул, 11",55.678275,37.91867,near,"Россия, Московская область, Люберцы, Рождественская улица, 12",
,,,,,,,,"г. Москва, г.Москва, Рождественская ул, 27, к.3,п.2",55.707218,37.92291,exact,"Россия, Москва, Рождественская улица, 27к3",
,,,,,,,,"г. Москва, г.Москва, Россошанский пр-д, 3",55.600938,37.609209,exact,"Россия, Москва, Россошанский проезд, 3",
,,,,,,,,"г. Москва, г.Москва, Русаковская ул, 31",55.788449,37.678442,exact,"Россия, Москва, Русаковская улица, 31",
,,,,,,,,"г. Москва, г.Москва, Рязанский пр-кт, 30",55.718806,37.779718,exact,"Россия, Москва, Рязанский проспект, 30/15",
,,,,,,,,"г. Москва, г.Москва, Рязанский пр-кт, 6А стр.30",55.726852,37.751808,exact,"Россия, Москва, Рязанский проспект, 6Ас30",
,,,,,,,,"г. Москва, г.Москва, Рязанский пр-т, 28 стр. 1",55.719105,37.779027,exact,"Россия, Москва, Рязанский проспект, 28с1",
,,,,,,,,"г. Москва, г.Москва, Саянская ул., 8 А",55.767104,37.829027,exact,"Россия, Москва, Саянская улица, 8А",
,,,,,,,,"г. Москва, г.Москва, Свободный пр-т, 33",55.75282,37.819316,exact,"Россия, Москва, Свободный проспект, 33",
,,,,,,,,"г. Москва, г.Москва, Свободы ул, 75",55.861029,37.445446,exact,"Россия, Москва, улица Свободы, 75",
,,,,,,,,"г. Москва, г.Москва, Свободы ул, 91 стр.1",55.866258,37.445994,exact,"Россия, Москва, улица Свободы, 91с1",
,,,,,,,,"г. Москва, г.Москва, Севастопольский пр-кт, 28 к.2",55.664812,37.578235,exact,"Россия, Москва, Севастопольский проспект, 28к2",
,,,,,,,,"г. Москва, г.Москва, Севастопольский пр-кт, 28 к.2,п.1",55.664812,37.578235,exact,"Россия, Москва, Севастопольский проспект, 28к2",
,,,,,,,,"г. Москва, г.Москва, Северное Чертаново мкр., 1 А, корп.1",55.637312,37.597747,exact,"Россия, Москва, Южный административный округ, район Чертаново Северное, микрорайон Северное Чертаново, 1Ак1",
,,,,,,,,"г. Москва, г.Москва, Сиреневый б-р, 31",55.803762,37.80046,exact,"Россия, Москва, Сиреневый бульвар, 31",
,,,,,,,,"г. Москва, г.Москва, Скобелевская ул., 24",55.545411,37.55611,exact,"Россия, Москва, Скобелевская улица, 24",
,,,,,,,,"г. Москва, г.Москва, Скульптора Мухиной ул., 12",55.639751,37.341592,exact,"Россия, Москва, улица Скульптора Мухиной, 12",
,,,,,,,,"г. Москва, г.Москва, Славянский б-р, 9 кор. 1",55.726289,37.4675,exact,"Россия, Москва, Славянский бульвар, 9к1",
,,,,,,,,"г. Москва, г.Москва, Снежная ул, 26",55.854987,37.653316,exact,"Россия, Москва, Снежная улица, 26",
,,,,,,,,"г. Москва, г.Москва, Совхозная ул., 8 корп. 1",55.670874,37.747505,exact,"Россия, Москва, Совхозная улица, 8к1",
,,,,,,,,"г. Москва, г.Москва, Соколово-Мещерская ул., 29",55.905396,37.384819,exact,"Россия, Москва, Соколово-Мещерская улица, 29",
,,,,,,,,"г. Москва, г.Москва, Солнцевский пр-т, 21",55.647046,37.41175,exact,"Россия, Москва, Солнцевский проспект, 21",
,,,,,,,,"г. Москва, г.Москва, Сормовская ул., 6",55.710839,37.812129,exact,"Россия, Москва, Сормовская улица, 6",
,,,,,,,,"г. Москва, г.Москва, Софьи Ковалевской ул, 2",55.877092,37.534101,exact,"Россия, Москва, улица Софьи Ковалевской, 2",
,,,,,,,,"г. Москва, г.Москва, Средняя Калитниковская ул., 28 4",55.730912,37.697621,exact,"Россия, Москва, Средняя Калитниковская улица, 28с4",
,,,,,,,,"г. Москва, г.Москва, Старокачаловская ул., 1 Б",55.568558,37.585386,exact,"Россия, Москва, Старокачаловская улица, 1Б",
,,,,,,,,"г. Москва, г.Москва, Строгинский б-р, 44958",55.804719,37.399596,street,"Россия, Москва, Строгинский бульвар",
,,,,,,,,"г. Москва, г.Москва, Сухонская ул., 9а",55.877278,37.651672,exact,"Россия, Москва, Сухонская улица, 9А",
,,,,,,,,"г. Москва, г.Москва, Сходненская ул., 25",55.845516,37.438637,exact,"Россия, Москва, Сходненская улица, 25",
,,,,,,,,"г. Москва, г.Москва, Сходненская ул., 56",55.850499,37.444422,exact,"Россия, Москва, Сходненская улица, 56",
,,,,,,,,"г. Москва, г.Москва, Таллинская ул., 7",55.800468,37.396129,exact,"Россия, Москва, Таллинская улица, 7",
,,,,,,,,"г. Москва, г.Москва, Театральная аллея, 3 1",55.793227,37.559883,exact,"Россия, Москва, Театральная аллея, 3с1",
,,,,,,,,"г. Москва, г.Москва, Тимирязевская ул., 44987",55.820936,37.560296,street,"Россия, Москва, Тимирязевская улица",
,,,,,,,,"г. Москва, г.Москва, Тихвинская ул, 17 стр.1",55.789416,37.599606,exact,"Россия, Москва, Тихвинская улица, 17с1",
,,,,,,,,"г. Москва, г.Москва, Тихвинская ул., 3 к.1",55.785994,37.600909,exact,"Россия, Москва, Тихвинская улица, 3к1",
,,,,,,,,"г. Москва, г.Москва, Тишинская пл., 1 стр.1",55.769231,37.583373,exact,"Россия, Москва, Тишинская площадь, 1с1",
,,,,,,,,"г. Москва, г.Москва, Туристская ул, 13 к.2",55.850004,37.421919,exact,"Россия, Москва, Туристская улица, 13к2",
,,,,,,,,"г. Москва, г.Москва, Тюменский проезд, вл.3-5,к.2",55.810891,37.739941,number,"Россия, Москва, Тюменский проезд, 3к5",
,,,,,,,,"г. Москва, г.Москва, Удальцова ул., 42",55.683752,37.491072,exact,"Россия, Москва, улица Удальцова, 42",
,,,,,,,,"г. Москва, г.Москва, Удальцова ул., 85 кор. 5",55.681001,37.485691,exact,"Россия, Москва, улица Удальцова, 85к5",
,,,,,,,,"г. Москва, г.Москва, Усачева ул, 2 стр.1",55.730847,37.576789,exact,"Россия, Москва, Усачёва улица, 2с1",
,,,,,,,,"г. Москва, г.Москва, Фестивальная ул., 2 Б",55.855083,37.478091,exact,"Россия, Москва, Фестивальная улица, 2Б",
,,,,,,,,"г. Москва, г.Москва, Флотская ул, 7 стр.1",55.854062,37.497198,exact,"Россия, Москва, Флотская улица, 7с1",
,,,,,,,,"г. Москва, г.Москва, Фрязевска ул., 3 1",55.745488,37.817735,exact,"Россия, Москва, Фрязевская улица, 3к1",
,,,,,,,,"г. Москва, г.Москва, Хабаровская ул., 15",55.822544,37.823412,exact,"Россия, Москва, Хабаровская улица, 15",
,,,,,,,,"г. Москва, г.Москва, Хорошевское ш., вл.27",55.777105,37.523716,exact,"Россия, Москва, Хорошёвское шоссе, 27",
,,,,,,,,"г. Москва, г.Москва, Хорошёвское ш, 16 с.3",55.774274,37.545932,exact,"Россия, Москва, Хорошёвское шоссе, 16с3",
,,,,,,,,"г. Москва, г.Москва, Хорошёвское ш, 70 к.1",55.778431,37.525477,exact,"Россия, Москва, Хорошёвское шоссе, 70к1",
,,,,,,,,"г. Москва, г.Москва, Череповецкая ул, 18",55.897614,37.578873,exact,"Россия, Москва, Череповецкая улица, 18",
,,,,,,,,"г. Москва, г.Москва, Череповецкая ул., 17",55.898906,37.58517,exact,"Россия, Москва, Череповецкая улица, 17",
,,,,,,,,"г. Москва, г.Москва, Чертановская ул, вл.20-22",55.625389,37.594935,number,"Россия, Москва, Чертановская улица, вл20",
,,,,,,,,"г. Москва, г.Москва, Чонгарский б-р, 16 1",55.653766,37.609901,exact,"Россия, Москва, Чонгарский бульвар, 16к1",
,,,,,,,,"г. Москва, г.Москва, Шаболовка ул., 10 к.1",55.724033,37.609568,exact,"Россия, Москва, улица Шаболовка, 10к1",
,,,,,,,,"г. Москва, г.Москва, Шереметьевская ул., 6 к.1",55.795403,37.617033,exact,"Россия, Москва, Шереметьевская улица, 6к1",
,,,,,,,,"г. Москва, г.Москва, Шипиловская ул., 50 1",55.621231,37.73818,exact,"Россия, Москва, Шипиловская улица, 50к1",
,,,,,,,,"г. Москва, г.Москва, Широкая ул., 9 кор. 1",55.888255,37.659084,exact,"Россия, Москва, Широкая улица, 9к1",
,,,,,,,,"г. Москва, г.Москва, Шмитовский пр-д, 16 кор. 2",55.758093,37.547279,exact,"Россия, Москва, Шмитовский проезд, 16с2",
,,,,,,,,"г. Москва, г.Москва, Шмитовский пр-д, 39, к.6,п.7Н",55.754709,37.525818,exact,"Россия, Москва, Шмитовский проезд, 39к6",
,,,,,,,,"г. Москва, г.Москва, Шоссейная ул, 34",55.682488,37.722873,exact,"Россия, Москва, Шоссейная улица, 34",
,,,,,,,,"г. Москва, г.Москва, Шоссейная ул, 49",55.675123,37.723726,exact,"Россия, Москва, Шоссейная улица, 49",
,,,,,,,,"г. Москва, г.Москва, Щербаковская ул., 7 А",55.78276,37.726592,exact,"Россия, Москва, Щербаковская улица, 7А",
,,,,,,,,"г. Москва, г.Москва, Щукинская ул, 42",55.809474,37.464571,exact,"Россия, Москва, Щукинская улица, 42",
,,,,,,,,"г. Москва, г.Москва, Щёлковское ш, вл.75",55.810966,37.80108,exact,"Россия, Москва, Щёлковское шоссе, 75",
,,,,,,,,"г. Москва, г.Москва, Элеваторная ул, 11",55.602718,37.65797,exact,"Россия, Москва, Элеваторная улица, 11",
,,,,,,,,"г. Москва, г.Москва, Южнобутовская ул, 58",55.536823,37.529358,exact,"Россия, Москва, Южнобутовская улица, 58",
,,,,,,,,"г. Москва, г.Москва, Юных Ленинцев ул., 12",55.699325,37.74101,exact,"Россия, Москва, улица Юных Ленинцев, 12",
,,,,,,,,"г. Москва, г.Москва, Юровская ул, 103, пом.2",55.899214,37.390945,exact,"Россия, Москва, Юровская улица, 103",
,,,,,,,,"г. Москва, г.Москва, Ялтинская ул., 2",55.651831,37.610925,exact,"Россия, Москва, Ялтинская улица, 2",
,,,,,,,,"г. Москва, г.Москва, Ярославское ш, 12 к.2",55.854517,37.68306,exact,"Россия, Москва, Ярославское шоссе, 12к2",
,,,,,,,,"г. Москва, г.Москва, Ясногорская ул., 2",55.610194,37.536392,exact,"Россия, Москва, Ясногорская улица, 2",
,,,,,,,,"г. Москва, г.Москва,Внуково р-н, Анны Ахматовой ул, 9,",55.635091,37.332133,exact,"Россия, Москва, Новомосковский административный округ, район Внуково, улица Анны Ахматовой, 9",
,,,,,,,,"г. Москва, г.Москва,г.Зеленоград, 15-й мкр., кор. 1549",55.977949,37.15503,exact,"Россия, Москва, Зеленоград, к1549",
,,,,,,,,"г. Москва, г.Москва,г.Зеленоград, к.2309А",55.964524,37.187109,exact,"Россия, Москва, Зеленоград, к2309А",
,,,,,,,,"г. Москва, г.Москва,г.Зеленоград, к.406",55.998227,37.210115,exact,"Россия, Москва, Зеленоград, к406",
,,,,,,,,"г. Москва, г.Москва,г.Зеленоград, кор.124 стр. 1",56.005933,37.205991,exact,"Россия, Москва, Зеленоград, к124с1",
,,,,,,,,"г. Москва, г.Москва,г.Зеленоград, корп.1446",55.984975,37.151751,exact,"Россия, Москва, Зеленоград, к1446",
,,,,,,,,"г. Москва, г.Москва,г.Зеленоград, корп.1471Б",55.988424,37.155722,exact,"Россия, Москва, Зеленоград, к1471Б",
,,,,,,,,"г. Москва, г.Москва,г.Зеленоград, Солнечная аллея, корп 900",55.981329,37.184261,exact,"Россия, Москва, Зеленоград, к900",
,,,,,,,,"г. Москва, г.Москва,г.Троицк, Городская ул., вл.6",55.492666,37.321326,exact,"Россия, Москва, Троицк, Городская улица, 6",
,,,,,,,,"г. Москва, г.Москва,г.Троицк, Сиреневый б-р, 1",55.468117,37.296497,exact,"Россия, Москва, Троицк, Сиреневый бульвар, 1",
,,,,,,,,"г. Москва, г.Москва,г.Щербинка, Брусилова ул, 29А",55.500249,37.593551,exact,"Россия, Москва, улица Брусилова, 29А",
,,,,,,,,"г. Москва, г.Москва,г.Щербинка, Железнодорожная ул., 44",55.498989,37.567922,exact,"Россия, Москва, Новомосковский административный округ, Щербинка, Железнодорожная улица, 44",
,,,,,,,,"г. Москва, г.Москва,г.Щербинка, Новостроевская ул, 6",55.504216,37.559182,exact,"Россия, Москва, Новомосковский административный округ, Щербинка, Новостроевская улица, 6",
,,,,,,,,"г. Москва, г.Москва,п.Внуковское, Корнея Чуковского ул, 2",55.634725,37.334801,exact,"Россия, Москва, Новомосковский административный округ, район Внуково, улица Корнея Чуковского, 2с1",
,,,,,,,,"г. Москва, г.Москва,п.Внуковское, Летчика Ульянина ул., 5",55.625903,37.307142,exact,"Россия, Москва, Новомосковский административный округ, район Внуково, улица Лётчика Ульянина, 5",
,,,,,,,,"г. Москва, г.Москва,п.Марушкинское, вблизи д.Б.Свинорье,",55.577755,37.14937,other,"Россия, Москва, Новомосковский административный округ, район Внуково, деревня Большое Свинорье",
,,,,,,,,"г. Москва, г.Москва,п.Московский, Киевское ш, 22-й км, двл.4 стр. 1",55.634019,37.440173,exact,"Россия, Москва, Западный административный округ, район Солнцево, Киевское шоссе, 22-й километр, 4с1",
,,,,,,,,"г. Москва, г.Москва,п.Московский, Татьянин Парк ул, 20",55.655483,37.430354,exact,"Россия, Москва, Западный административный округ, район Солнцево, улица Татьянин Парк, 20",
,,,,,,,,"г. Москва, г.Москва,п.Московский,г.Московский, Никитина ул, 2",55.604529,37.356648,exact,"Россия, Москва, Новомосковский административный округ, Филимонковский район, Московский, улица Никитина, 2",
,,,,,,,,"г. Москва, г.Москва,п.Московский,г.Московский, Солнечная ул., 3",55.591498,37.366062,exact,"Россия, Москва, Новомосковский административный округ, Филимонковский район, Московский, Солнечная улица, 3",
,,,,,,,,"г. Москва, г.Москва,п.Сосенское, Скандинавский б-р, 10",55.564211,37.499929,exact,"Россия, Москва, Новомосковский административный округ, район Коммунарка, Скандинавский бульвар, 10",
,,,,,,,,"г. Москва, г.Москва,п.Сосенское,п.Коммунарка, Александры Монаховой ул, двлд.30 стр.2",55.566435,37.482978,exact,"Россия, Москва, Новомосковский административный округ, посёлок Коммунарка, улица Александры Монаховой, вл30с2",
,,,,,,,,"г. Москва, г.Москва,п.Щаповское,с.Ознобишино, 187А,187, 189",55.4191,37.404645,other,"Россия, Москва, Троицкий административный округ, Краснопахорский район, квартал № 2",
,,,,,,,,"Московская обл., г.Подольск, 43-й Армии ул, 22,",55.418732,37.493497,exact,"Россия, Московская область, Подольск, улица 43-й Армии, 22",
,,,,,,,,"Московская обл., г.Раменское, Лучистая ул, стр.10",55.566873,38.19642,exact,"Россия, Московская область, Раменское, Лучистая улица, 10",
,,,,,,,,"г. Санкт-Петербург, г.Санкт-Петербург, Коломяжский пр-кт, 22 стр.1",60.001451,30.29642,exact,"Россия, Санкт-Петербург, Коломяжский проспект, 22",
,,,,,,,,"г. Санкт-Петербург, г.Санкт-Петербург, Пулковское ш, 111, с.3,ч.з.1",59.749516,30.310721,number,"Россия, Санкт-Петербург, Пулковское шоссе, 111с3",
,,,,,,,,"г. Санкт-Петербург, г.Санкт-Петербург, Пулковское ш, 41, лит.3А",59.799987,30.271195,number,"Россия, Санкт-Петербург, Пулковское шоссе, 41литЗА",
,,,,,,,,"г. Санкт-Петербург, г.Санкт-Петербург, Пулковское ш, 41, лит.А",59.798258,30.268392,exact,"Россия, Санкт-Петербург, Пулковское шоссе, 41А",
,,,,,,,,"Краснодарский край, г.Сочи, Демократическая ул, 37, 2Н,4Н,6Н",43.423743,39.9237,number,"Россия, Краснодарский край, Сочи, Демократическая улица, 37",
,,,,,,,,"Краснодарский край, г.Сочи, Победы ул, 1А,",43.904829,39.336957,exact,"Россия, Краснодарский край, Сочи, жилой район Лазаревское, улица Победы, 1А",
,,,,,,,,"Московская обл., го.Красногорск, д.Грибаново, Рябиновая ул, 2, пом.101",55.747692,37.122457,exact,"Россия, Московская область, городской округ Красногорск, деревня Грибаново, Рябиновая улица, 2",
,,,,,,,,"Московская обл., го.Ленинский,д.Сапроново,ЖК Первый кв-л, 0, около д.1",55.530169,37.715156,exact,"Россия, Московская область, Ленинский городской округ, деревня Сапроново, 1",
,,,,,,,,"Ивановская обл., Ивановская обл., г.Иваново, 8 Марта ул, 32 цок.эт:п69",57.006108,40.984009,street,"Россия, Иваново, улица 8 Марта",
,,,,,,,,"Калужская обл., Калужская обл., г.Калуга, Пролетарская ул, 108",54.518387,36.264799,exact,"Россия, Калуга, Пролетарская улица, 108",
,,,,,,,,"Калужская обл., Калужская обл., г.Калуга, Суворова ул., 113",54.517044,36.25605,exact,"Россия, Калуга, улица Суворова, 113",
,,,,,,,,"Карачаево-Черкесская, Карачаево-Черкесская, г.Черкесск, Ленина пр-кт, 25",44.224214,42.047327,exact,"Россия, Карачаево-Черкесская Республика, Черкесск, проспект Ленина, 25",
,,,,,,,,"Кировская обл., Кировская обл., г.Киров, Горького ул, 5А",58.5987,49.6472,exact,"Россия, Киров, улица Горького, 5А",
,,,,,,,,"Кировская обл., Кировская обл., г.Киров, Октябрьский пр-кт, 117 п.1013",58.604139,49.65639,number,"Россия, Киров, Октябрьский проспект, 117",
,,,,,,,,"Мурманская обл., г.Мурманск, Кольский пр-кт, 51, корп.8",68.936172,33.101813,exact,"Россия, Мурманск, Кольский проспект, 51к8",
,,,,,,,,"Краснодарский край, Краснодарский край, г.Анапа, Владимирская ул, 71",44.884428,37.325449,exact,"Россия, Краснодарский край, Анапа, Владимирская улица, 71",
,,,,,,,,"Краснодарский край, Краснодарский край, г.Анапа, Краснодарская/Горького ул, 45021",44.899007,37.322988,street,"Россия, Краснодарский край, Анапа, улица Горького",
,,,,,,,,"Краснодарский край, Краснодарский край, г.Анапа, Омелькова ул, 38",44.878565,37.336561,exact,"Россия, Краснодарский край, Анапа, улица Омелькова, 38",
,,,,,,,,"Краснодарский край, Краснодарский край, г.Анапа, Пионерский пр-кт, 1",44.906017,37.321712,exact,"Россия, Краснодарский край, Анапа, Пионерский проспект, 1",
,,,,,,,,"Краснодарский край, Краснодарский край, г.Анапа, Таманская ул, 121 стр.1",44.87541,37.316897,exact,"Россия, Краснодарский край, Анапа, Таманская улица, 121с1",
,,,,,,,,"Краснодарский край, Краснодарский край, г.Геленджик, Кирова ул, 30",44.557088,38.078498,exact,"Россия, Краснодарский край, Геленджик, улица Кирова, 30",
,,,,,,,,"Краснодарский край, Краснодарский край, г.Геленджик, Олега Анофриева ул, 1 к.8,п.12",44.55676,38.105861,exact,"Россия, Краснодарский край, Геленджик, улица Олега Анофриева, 1к8",
,,,,,,,,"Краснодарский край, Краснодарский край, г.Геленджик, Халтурина ул, 30",44.57347,38.076782,number,"Россия, Краснодарский край, Геленджик, улица Халтурина, 30лит2",
,,,,,,,,"Краснодарский край, Краснодарский край, г.Краснодар, вго.Прикубанский, Кореновская ул, 10",45.097692,38.97357,exact,"Россия, Краснодар, Кореновская улица, 10",
,,,,,,,,"Краснодарский край, Краснодарский край, г.Краснодар, Восточно-Кругликовская ул, 42/3 с.1",45.053729,39.028457,exact,"Россия, Краснодар, Восточно-Кругликовская улица, 42/3с1",
,,,,,,,,"Краснодарский край, Краснодарский край, г.Краснодар, Гамбургская ул, 16",45.113704,38.925187,exact,"Россия, Краснодар, Гамбургская улица, 16",
,,,,,,,,"Краснодарский край, Краснодарский край, г.Краснодар, Душистая ул, 54Б",45.141195,38.996244,exact,"Россия, Краснодар, Душистая улица, 54Б",
,,,,,,,,"Краснодарский край, Краснодарский край, г.Краснодар, им. Володи Головатого ул, 313",45.039464,38.974343,exact,"Россия, Краснодар, улица Володи Головатого, 313",
,,,,,,,,"Краснодарский край, Краснодарский край, г.Краснодар, им. Героя Георгия Бочарникова ул, 16",45.076793,39.040818,exact,"Россия, Краснодар, улица имени Героя Георгия Бочарникова, 16",
,,,,,,,,"Краснодарский край, Краснодарский край, г.Краснодар, им. Петра Метальникова ул, 42",45.09787,39.000583,exact,"Россия, Краснодар, микрорайон имени Петра Метальникова, улица Петра Метальникова, 42",
,,,,,,,,"Краснодарский край, Краснодарский край, г.Краснодар, им.Атарбекова ул, 44927 э.1,п.3-41",45.059313,38.951364,street,"Россия, Краснодар, Фестивальный микрорайон, улица Атарбекова",
,,,,,,,,"Краснодарский край, Краснодарский край, г.Краснодар, Индустриальная ул., 2",45.001269,38.961973,exact,"Россия, Краснодар, микрорайон Центральный, Индустриальная улица, 2",
,,,,,,,,"Краснодарский край, Краснодарский край, г.Краснодар, Красная ул., 176",45.046928,38.980137,exact,"Россия, Краснодар, Красная улица, 176",
,,,,,,,,"Краснодарский край, Краснодарский край, г.Краснодар, Суворова ул., 64",45.02266,38.987485,exact,"Россия, Краснодар, микрорайон Центральный, улица Суворова, 64",
,,,,,,,,"Краснодарский край, Краснодарский край, г.Краснодар, Чекистов ул., 36 А",45.031751,38.917524,number,"Россия, Краснодар, микрорайон Юбилейный, проспект Чекистов, 36",
,,,,,,,,"Краснодарский край, Краснодарский край, г.Новороссийск, Героев Десантников ул, 2 э1,п1-14",44.685377,37.781308,number,"Россия, Краснодарский край, Новороссийск, улица Героев Десантников, 2",
,,,,,,,,"Краснодарский край, Краснодарский край, г.Новороссийск, Дзержинского пр-т, 211",44.684082,37.778182,exact,"Россия, Краснодарский край, Новороссийск, проспект Дзержинского, 211",
,,,,,,,,"Краснодарский край, Краснодарский край, г.Сочи, Бестужева ул, 44927 ТРЦ",43.419461,39.922155,street,"Россия, Краснодарский край, Сочи, жилой район Адлер, улица Бестужева",
,,,,,,,,"Краснодарский край, Краснодарский край, г.Сочи, Гастелло ул., 27Б с.1",43.447846,39.914807,exact,"Россия, Краснодарский край, Сочи, улица Гастелло, 27Бс1",
,,,,,,,,"Краснодарский край, Краснодарский край, г.Сочи, Горького пер (Центральный р-н), 22",43.584833,39.728595,exact,"Россия, Краснодарский край, Сочи, микрорайон Центральный, переулок Горького, 22",
,,,,,,,,"Краснодарский край, Краснодарский край, г.Сочи, Кирова ул., 58",43.427671,39.926853,exact,"Россия, Краснодарский край, Сочи, улица Кирова, 58",
,,,,,,,,"Краснодарский край, Краснодарский край, г.Сочи, Ленина ул, 219",43.469487,39.898664,exact,"Россия, Краснодарский край, Сочи, жилой район Адлер, улица Ленина, 219",
,,,,,,,,"Краснодарский край, Краснодарский край, г.Сочи, Ленина ул, 298Б с.13,п.1",43.482858,39.894577,exact,"Россия, Краснодарский край, Сочи, жилой район Адлер, улица Ленина, 298Бс13",
,,,,,,,,"Краснодарский край, Краснодарский край, г.Сочи, пгт.Красная Поляна, Набережная Лаванда ул, 2",43.679886,40.195791,near,"Россия, Краснодарский край, городской округ Сочи, посёлок городского типа Красная Поляна, 10",
,,,,,,,,"Краснодарский край, Краснодарский край, г.Сочи, с.Эстосадок, Эстонская ул, 105",43.683406,40.270756,exact,"Россия, Краснодарский край, городской округ Сочи, село Эстосадок, Эстонская улица, 105",
,,,,,,,,"Краснодарский край, Краснодарский край, г.Сочи, Северная ул., 6",43.594561,39.727598,exact,"Россия, Краснодарский край, Сочи, микрорайон Центральный, Северная улица, 6",
,,,,,,,,"Краснодарский край, Краснодарский край, г.Сочи, Трунова пер, 6 стр.1,п.1",43.593889,39.734524,exact,"Россия, Краснодарский край, Сочи, микрорайон Завокзальный, переулок Трунова, 6с1",
,,,,,,,,"Краснодарский край, Краснодарский край, г.Сочи, Учительская ул., 6",43.572359,39.736195,exact,"Россия, Краснодарский край, Сочи, микрорайон Светлана, Учительская улица, 6",
,,,,,,,,"Краснодарский край, Краснодарский край, г.Сочи,с.Эстосадок, Горная карусель ул, 3",43.68381,40.263156,exact,"Россия, Краснодарский край, городской округ Сочи, село Эстосадок, улица Горная Карусель, 3",
,,,,,,,,"Краснодарский край, Краснодарский край, г.Темрюк, Розы Люксембург ул, 61",45.279945,37.378782,exact,"Россия, Краснодарский край, Темрюк, улица Розы Люксембург, 61",
,,,,,,,,"Курская обл., Курская обл., г.Курск, Кулакова пр-кт, 20",51.667568,36.141308,exact,"Россия, Курск, проспект Кулакова, 20",
,,,,,,,,"Курская обл., Курская обл., г.Курск, Ленина ул, 30",51.737936,36.192377,exact,"Россия, Курск, улица Ленина, 30",
,,,,,,,,"Курская обл., Курская обл., г.Курск, Победы пр-кт, 74А",51.772251,36.178992,exact,"Россия, Курск, проспект Победы, 74А",
,,,,,,,,"Курская обл., Курская обл., г.Курск, Сергеева пр-д, 13",51.743953,36.128741,exact,"Россия, Курск, микрорайон Северо-Западный, проезд Сергеева, 13",
,,,,,,,,"Курская обл., Курская обл., г.Курск, Хрущева пр-кт, 2",51.736965,36.13793,exact,"Россия, Курск, проспект Хрущёва, 2",
,,,,,,,,"Курская обл., Курская обл., г.Курск, Щепкина ул., 4 Б",51.725859,36.17513,exact,"Россия, Курск, улица Щепкина, 4Б",
,,,,,,,,"Ленинградская обл., Ленинградская обл., г.Всеволожск, Героев ул., 17",60.032205,30.632327,exact,"Россия, Ленинградская область, Всеволожск, улица Героев, 17",
,,,,,,,,"Ленинградская обл., Ленинградская обл., г.Всеволожск, Приютинская ул, 38",60.013236,30.586072,exact,"Россия, Ленинградская область, Всеволожск, Приютинская улица, 38",
,,,,,,,,"Ленинградская обл., Ленинградская обл., г.Выборг, Победы пр-т, 16",60.697776,28.776003,exact,"Россия, Ленинградская область, Выборг, проспект Победы, 16",
,,,,,,,,"Ленинградская обл., Ленинградская обл., г.Гатчина, Пушкинское ш, 15 э.1,п.1Н2Н",59.581999,30.14791,number,"Россия, Ленинградская область, Гатчина, Пушкинское шоссе, 15",
,,,,,,,,"Ленинградская обл., Ленинградская обл., г.Мурино, Охтинская аллея, 9",60.048503,30.424798,exact,"Россия, Ленинградская область, Всеволожский район, Мурино, Охтинская аллея, 9",
,,,,,,,,"Ленинградская обл., Ленинградская обл., г.Мурино, Романовская ул, 1/31",60.068825,30.435353,exact,"Россия, Ленинградская область, Всеволожский район, Мурино, Романовская улица, 1/31",
,,,,,,,,"Ленинградская обл., Ленинградская обл., г.Санкт-Петербург,г.Кингисепп, Октябрьская ул, 9",59.376403,28.607749,exact,"Россия, Ленинградская область, Кингисепп, Октябрьская улица, 9",
,,,,,,,,"Ленинградская обл., Ленинградская обл., г.Сосновый Бор, Красных Фортов ул, 26",59.910352,29.0794,exact,"Россия, Ленинградская область, Сосновый Бор, улица Красных Фортов, 26",
,,,,,,,,"Ленинградская обл., Ленинградская обл., г.Сосновый бор, Солнечная ул., 12",59.901156,29.08585,exact,"Россия, Ленинградская область, Сосновый Бор, Солнечная улица, 12",
,,,,,,,,"Ленинградская обл., Ленинградская обл., гп.Янино-1, Шоссейная ул, 40 40а",59.946216,30.560803,number,"Россия, Ленинградская область, Всеволожский район, Заневское городское поселение, городской посёлок Янино-1, Шоссейная улица, 40",
,,,,,,,,"Ленинградская обл., Ленинградская обл., д.Колтуши, 5А э.1,ч.п.1",59.337017,29.608975,other,"Россия, Ленинградская область",
,,,,,,,,"Ленинградская обл., Ленинградская обл., д.Кудрово, Европейский пр-кт, 21 с1",59.910735,30.514063,exact,"Россия, Ленинградская область, Всеволожский район, Заневское городское поселение, Кудрово, Европейский проспект, 21к1",
,,,,,,,,"Ленинградская обл., Ленинградская обл., д.Мистолово, Главная ул, зд.5,к.1",60.123537,30.387527,exact,"Россия, Ленинградская область, Всеволожский район, Бугровское городское поселение, деревня Мистолово, Главная улица, 5с1",
,,,,,,,,"Ленинградская обл., Ленинградская обл., д.Новое Девяткино, Главная ул, 21",60.055807,30.467827,exact,"Россия, Ленинградская область, Всеволожский район, деревня Новое Девяткино, Главная улица, 21",
,,,,,,,,"Ленинградская обл., Ленинградская обл., д.Порошкино, Дорога на Мендсары ул, 10",60.120771,30.35552,street,"Россия, Ленинградская область, Всеволожский район, Бугровское городское поселение, территория Массив Порошкино, улица Дорога на Мендсары",
,,,,,,,,"Ленинградская обл., Ленинградская обл., сп.Колтушское, Автодорога Кола 20 км, зд.14, п.1",59.891011,30.645011,near,"Россия, Ленинградская область, Всеволожский район, Р-21 Кола, 20-й километр, 12",
,,,,,,,,"Липецкая обл., Липецкая обл., г.Липецк, Бехтеева С.С. ул, 9 п13.1,13.2",52.608826,39.599229,other,"Россия, Липецк",
,,,,,,,,"Липецкая обл., Липецкая обл., г.Липецк, Валентины Терешковой ул., 35 Б",52.611172,39.574498,exact,"Россия, Липецк, улица Валентины Терешковой, 35Б",
,,,,,,,,"Липецкая обл., Липецкая обл., г.Липецк, Водопьянова ул., 15",52.59083,39.545366,exact,"Россия, Липецк, улица Водопьянова, 15",
,,,,,,,,"Липецкая обл., Липецкая обл., г.Липецк, Героя России Эдуарда Белана ул, 10А",52.581704,39.511967,exact,"Россия, Липецк, улица Героя России Эдуарда Белана, 10А",
,,,,,,,,"Липецкая обл., Липецкая обл., г.Липецк, Имени К.Е. Ворошилова ул, 4 п.1,2",52.608826,39.599229,other,"Россия, Липецк",
,,,,,,,,"Липецкая обл., Липецкая обл., г.Липецк, Космонавтов ул, вл.96",52.60887,39.546677,exact,"Россия, Липецк, улица Космонавтов, 96",
,,,,,,,,"Липецкая обл., Липецкая обл., г.Липецк, Ленина ул., 5 п.6",52.610882,39.60258,exact,"Россия, Липецк, улица Ленина, 5",
,,,,,,,,"Липецкая обл., Липецкая обл., г.Липецк, Московская ул., 103 п.8",52.602318,39.517716,exact,"Россия, Липецк, Московская улица, 103, подъезд 8",
,,,,,,,,"Липецкая обл., Липецкая обл., г.Липецк, Осканова ул, 1 п.69",52.597001,39.489374,exact,"Россия, Липецк, улица Осканова, 1",
,,,,,,,,"Липецкая обл., Липецкая обл., г.Липецк, П.А.Папина ул, 6 п.3",52.597078,39.557089,exact,"Россия, Липецк, улица П.А. Папина, 6, подъезд 3",
,,,,,,,,"Липецкая обл., Липецкая обл., г.Липецк, П.И.Смородина ул, 13А",52.588675,39.535673,exact,"Россия, Липецк, улица П.И. Смородина, 13А",
,,,,,,,,"Свердловская обл., г.Екатеринбург, Малышева ул, стр.5",56.832969,60.582374,exact,"Россия, Свердловская область, Екатеринбург, улица Малышева, 5",
,,,,,,,,"г. Москва, г.Москва, Москва, Севастопольский проспект, 28 корп.2",55.664812,37.578235,exact,"Россия, Москва, Севастопольский проспект, 28к2",
,,,,,,,,"Московская обл., Московская обл., г.Апрелевка, Апрелевская ул, уч.85",55.532156,37.069636,exact,"Россия, Московская область, Наро-Фоминский городской округ, Апрелевка, Апрелевская улица, 85",
,,,,,,,,"Московская обл., Московская обл., г.Балашиха, Железнодорожный мкр, Рождественская ул, 3",55.743102,38.001485,exact,"Россия, Московская область, Балашиха, микрорайон Железнодорожный, Рождественская улица, 3",
,,,,,,,,"Московская обл., Московская обл., г.Балашиха, Заречная ул, 45",55.833809,37.965661,exact,"Россия, Московская область, Балашиха, Заречная улица, 45",
,,,,,,,,"Московская обл., Московская обл., г.Балашиха, Звездная ул, 8",55.825487,37.955456,exact,"Россия, Московская область, Балашиха, Звёздная улица, 8",
,,,,,,,,"Московская обл., Московская обл., г.Балашиха, Зеленая ул., 32 к.2,э.1",55.808154,37.943158,number,"Россия, Московская область, Балашиха, Зелёная улица, 32к2",
,,,,,,,,"Московская обл., Московская обл., г.Балашиха, Нестерова (Авиаторов мкр) б-р, 1А",55.824203,37.94243,exact,"Россия, Московская область, Балашиха, микрорайон Авиаторов, бульвар Нестерова, 1А",
,,,,,,,,"Московская обл., Московская обл., г.Балашиха, Ольгино мкр, Граничная ул, 24 стр.1",55.745939,37.986259,exact,"Россия, Московская область, Балашиха, микрорайон Ольгино, Граничная улица, 24с1",
,,,,,,,,"Московская обл., Московская обл., г.Балашиха, Свердлова ул., 7 пом.1",55.820384,37.967278,exact,"Россия, Московская область, Балашиха, улица Свердлова, 7, подъезд 1, этаж 1, кв. 1",
,,,,,,,,"Московская обл., Московская обл., г.Балашиха,Кучино мкр., Центральная ул, 68 стр.1,п.1",55.751685,37.952437,exact,"Россия, Московская область, Балашиха, микрорайон Кучино, Центральная улица, 68с1",
,,,,,,,,"Московская обл., Московская обл., г.Балашиха,мкр.Железнодорожный, Пролетарская ул, 2А пом.I,ком.",55.749547,38.007693,number,"Россия, Московская область, Балашиха, микрорайон Железнодорожный, Пролетарская улица, 2",
,,,,,,,,"Московская обл., Московская обл., г.Балашиха,мкр.Железнодорожный, Юбилейная ул, 6 ком.4,9",55.746436,38.009049,other,"Россия, Московская область, Балашиха, микрорайон Железнодорожный",
,,,,,,,,"Московская обл., Московская обл., г.Балашиха,мкр.Кучино, Речная ул, 3А",55.747789,37.960423,exact,"Россия, Московская область, Балашиха, микрорайон Кучино, Речная улица, 3А",
,,,,,,,,"Московская обл., Московская обл., г.Балашиха,мкр.Янтарный, Кольцевая ул, 3 к.2,п.26",55.822544,37.87564,exact,"Россия, Московская область, Балашиха, микрорайон Янтарный, Кольцевая улица, 3К2",
,,,,,,,,"Московская обл., Московская обл., г.Бронницы, Каширский пер, 66",55.417107,38.246869,exact,"Россия, Московская область, Бронницы, Каширский переулок, 66",
,,,,,,,,"Московская обл., Московская обл., г.Видное, Березовая ул, 8",55.54072,37.718327,exact,"Россия, Московская область, Ленинский городской округ, Видное, Берёзовая улица, 8",
,,,,,,,,"Московская обл., Московская обл., г.Видное, Олимпийская ул, 6 к.1",55.545345,37.699094,exact,"Россия, Московская область, Ленинский городской округ, Видное, Олимпийская улица, 6к1",
,,,,,,,,"Московская обл., Московская обл., г.Видное, Радужная ул, 2 п.168,к.75",55.542966,37.710162,exact,"Россия, Московская область, Ленинский городской округ, Видное, Радужная улица, 2",
,,,,,,,,"Московская обл., Московская обл., г.Видное, рп.Лопатино, Сухановская ул, 1 стр.1",55.535615,37.640704,exact,"Россия, Московская область, Ленинский городской округ, посёлок городского типа Лопатино, Сухановская улица, 1с1",
,,,,,,,,"Московская обл., Московская обл., г.Видное, Солнечный мкр., 10",55.551746,37.702544,exact,"Россия, Московская область, Ленинский городской округ, Видное, 4-й микрорайон, микрорайон Солнечный, 10",
,,,,,,,,"Московская обл., Московская обл., г.Волоколамск, Панфилова ул., 22",56.031186,35.957917,exact,"Россия, Московская область, Волоколамск, улица Панфилова, 22",
,,,,,,,,"Московская обл., Московская обл., г.Голицыно, Привокзальная пл., 5",55.616254,36.988249,exact,"Россия, Московская область, Одинцовский городской округ, Голицыно, Привокзальная площадь, 5",
,,,,,,,,"Московская обл., Московская обл., г.Дедовск, Ногина ул., 4",55.861242,37.127991,exact,"Россия, Московская область, муниципальный округ Истра, Дедовск, улица Ногина, 4",
,,,,,,,,"Московская обл., Московская обл., г.Долгопрудный, Лихачевский пр-кт, 74",55.936187,37.49294,exact,"Россия, Московская область, Долгопрудный, Лихачёвский проспект, 74",
,,,,,,,,"Московская обл., Московская обл., г.Долгопрудный, Старое Дмитровское ш., 2",55.966509,37.532062,number,"Россия, Московская область, Долгопрудный, Старое Дмитровское шоссе, 2с1",
,,,,,,,,"Московская обл., Московская обл., г.Домодедово, Каширское ш, 114",55.417204,37.776323,exact,"Россия, Московская область, Домодедово, микрорайон Южный, улица Каширское Шоссе, 114",
,,,,,,,,"Московская обл., Московская обл., г.Домодедово, Краснодарская (Северный мкр) ул, 2",55.4597,37.756946,exact,"Россия, Московская область, Домодедово, микрорайон Северный, Краснодарская улица, 2",
,,,,,,,,"Московская обл., Московская обл., г.Домодедово, Курыжова ул, с.5А",55.40431,37.767923,exact,"Россия, Московская область, Домодедово, микрорайон Южный, улица Курыжова, 5А",
,,,,,,,,"Московская обл., Московская обл., г.Дубна, Боголюбова пр-кт, 24А",56.735787,37.156943,exact,"Россия, Московская область, Дубна, проспект Боголюбова, 24А",
,,,,,,,,"Московская обл., Московская обл., г.Дубна, Боголюбова пр-т, 13",56.738379,37.168523,exact,"Россия, Московская область, Дубна, проспект Боголюбова, 13",
,,,,,,,,"Московская обл., Московская обл., г.Жуковский, Баженова ул., 5 А",55.604824,38.075147,number,"Россия, Московская область, Жуковский, улица Баженова, 5к2",
,,,,,,,,"Московская обл., Московская обл., г.Жуковский, Гагарина ул, 60А",55.61024,38.088451,exact,"Россия, Московская область, Жуковский, улица Гагарина, 60А",
,,,,,,,,"Московская обл., Московская обл., г.Жуковский, Гагарина ул., 65/7",55.607814,38.092637,exact,"Россия, Московская область, Жуковский, улица Гагарина, 65/7",
,,,,,,,,"Московская обл., Московская обл., г.Звенигород, Комарова ул., 21",55.730735,36.857669,exact,"Россия, Московская область, Одинцовский городской округ, Звенигород, улица Комарова, 21",
,,,,,,,,"Московская обл., Московская обл., г.Ивантеевка, Советский пр-кт, 2А",55.974715,37.906884,exact,"Россия, Московская область, городской округ Пушкинский, Ивантеевка, Советский проспект, вл2А",
,,,,,,,,"Московская обл., Московская обл., г.Истра, Шнырева ул, зд.4А",55.914973,36.868009,exact,"Россия, Московская область, Истра, улица Шнырёва, 4А",
,,,,,,,,"Московская обл., Московская обл., г.Истра,д.Давыдовское,",55.858261,36.797384,other,"Россия, Московская область, муниципальный округ Истра, деревня Давыдовское",
,,,,,,,,"Московская обл., Московская обл., г.Истра,с.Павловская слобода, Ленина ул, зд.№73 к.1,11",55.814482,37.070588,number,"Россия, Московская область, муниципальный округ Истра, село Павловская Слобода, улица Ленина, 73/1",
,,,,,,,,"Московская обл., Московская обл., г.Клин, Карла Маркса ул., 4",56.332017,36.712942,exact,"Россия, Московская область, Клин, улица Карла Маркса, 4",
,,,,,,,,"Московская обл., Московская обл., г.Клин, Советская пл., 5 к.6,7,47",56.333973,36.734097,number,"Россия, Московская область, Клин, Советская площадь, 5",
,,,,,,,,"Московская обл., Московская обл., г.Коломна, Восстания пл., 7",55.084132,38.804948,exact,"Россия, Московская область, Коломна, площадь Восстания, 7",
,,,,,,,,"Московская обл., Московская обл., г.Коломна, Советская пл., 8",55.095765,38.763886,exact,"Россия, Московская область, Коломна, Советская площадь, 8",
,,,,,,,,"Московская обл., Московская обл., г.Королёв, Горького ул, 79 к.13",55.918348,37.883195,exact,"Россия, Московская область, Королёв, улица Горького, 79к13",
,,,,,,,,"Московская обл., Московская обл., г.Королёв, Королева пр-кт, 6Г э.1,п.VI",55.919977,37.837076,exact,"Россия, Московская область, Королёв, проспект Королёва, 6",
,,,,,,,,"Московская обл., Московская обл., г.Королёв, Космонавтов пр-кт, 12А",55.917369,37.867304,exact,"Россия, Московская область, Королёв, проспект Космонавтов, 12А",
,,,,,,,,"Московская обл., Московская обл., г.Королёв, Космонавтов пр-т, 41 к.1,п.VI",55.907899,37.867133,number,"Россия, Московская область, Королёв, проспект Космонавтов, 41к1",
,,,,,,,,"Московская обл., Московская обл., г.Королёв, Фрунзе ул, 2Б",55.923912,37.822182,exact,"Россия, Московская область, Королёв, улица Фрунзе, 2Б",
,,,,,,,,"Московская обл., Московская обл., г.Королёв,мкр.Юбилейный, Лесная ул, 12",55.933933,37.843256,exact,"Россия, Московская область, Королёв, микрорайон Юбилейный, Лесная улица, 12",
,,,,,,,,"Московская обл., Московская обл., г.Королёв,мкр.Юбилейный, М.К.Тихонравова ул, 35 к.7,п.1,э1",55.937755,37.852904,exact,"Россия, Московская область, Королёв, улица М.К. Тихонравова, 35к7, подъезд 1",
,,,,,,,,"Московская обл., Московская обл., г.Красногорск, Авангардная ул., 3",55.814431,37.361912,exact,"Россия, Московская область, Красногорск, Авангардная улица, 3",
,,,,,,,,"Московская обл., Московская обл., г.Красногорск, Космонавтов б-р, 8",55.835129,37.281531,exact,"Россия, Московская область, Красногорск, бульвар Космонавтов, 8",
,,,,,,,,"Московская обл., Московская обл., г.Красногорск, Ленина ул., 2",55.819454,37.320248,exact,"Россия, Московская область, Красногорск, улица Ленина, 2",
,,,,,,,,"Московская обл., Московская обл., г.Красногорск, Павшинский б-р, 16",55.81736,37.368514,exact,"Россия, Московская область, Красногорск, Павшинский бульвар, 16",
,,,,,,,,"Московская обл., Московская обл., г.Красногорск, Подмосковный б-р, 9",55.821967,37.36979,exact,"Россия, Московская область, Красногорск, Подмосковный бульвар, 9",
,,,,,,,,"Московская обл., Московская обл., г.Красногорск,рп.Нахабино, Новая ул,",55.842757,37.142301,street,"Россия, Московская область, городской округ Красногорск, посёлок городского типа Нахабино, Новая улица",
,,,,,,,,"Московская обл., Московская обл., г.Краснознаменск, Молодежная ул, 44928 лБ",55.600175,37.038779,street,"Россия, Московская область, Краснознаменск, Молодёжная улица",
,,,,,,,,"Московская обл., Московская обл., г.Лыткарино, Парковая ул, стр.2",55.582014,37.912229,exact,"Россия, Московская область, Лыткарино, Парковая улица, с2",
,,,,,,,,"Московская обл., Московская обл., г.Люберцы, Гагарина пр-кт, 13",55.688908,37.909902,exact,"Россия, Московская область, Люберцы, микрорайон Красная Горка, проспект Гагарина, 13",
,,,,,,,,"Московская обл., Московская обл., г.Люберцы, Кирова ул, 4",55.69041,37.861986,exact,"Россия, Московская область, Люберцы, улица Кирова, 4",
,,,,,,,,"Московская обл., Московская обл., г.Люберцы, Новорязанское ш, 7",55.669899,37.871373,exact,"Россия, Московская область, Люберцы, Новорязанское шоссе, 7",
,,,,,,,,"Московская обл., Московская обл., г.Люберцы, Октябрьский пр-кт, 112",55.685132,37.877536,exact,"Россия, Московская область, Люберцы, Октябрьский проспект, 112",
,,,,,,,,"Московская обл., Московская обл., г.Люберцы, Октябрьский пр-кт, 366",55.663177,37.91054,exact,"Россия, Московская область, Люберцы, Октябрьский проспект, 366",
,,,,,,,,"Московская обл., Московская обл., г.Люберцы, Октябрьский пр-т, 146",55.679813,37.889519,exact,"Россия, Московская область, Люберцы, Октябрьский проспект, 146",
,,,,,,,,"Московская обл., Московская обл., г.Люберцы, Побратимова ул, 7",55.692115,37.8964,exact,"Россия, Московская область, Люберцы, улица Побратимов, 7",
,,,,,,,,"Московская обл., Московская обл., г.Можайск, Академика Павлова ул, 9А",55.503543,36.030016,exact,"Россия, Московская область, Можайск, улица Академика Павлова, 9А",
,,,,,,,,"Московская обл., Московская обл., г.Мытищи, Летная ул., 40А",55.904271,37.711204,exact,"Россия, Московская область, Мытищи, Лётная улица, 40А",
,,,,,,,,"Московская обл., Московская обл., г.Мытищи, Мира ул, 30",55.91858,37.724921,exact,"Россия, Московская область, Мытищи, улица Мира, 30",
,,,,,,,,"Московская обл., Московская обл., г.Мытищи, Новомытищинский пр-кт, стр.49/1",55.89877,37.720286,exact,"Россия, Московская область, Мытищи, Новомытищинский проспект, 49к1",
,,,,,,,,"Московская обл., Московская обл., г.Мытищи, Олимпийский пр-кт, стр.10 к.97,44",55.909968,37.736743,other,"Россия, Московская область, Мытищи",
,,,,,,,,"Московская обл., Московская обл., г.Мытищи, Олимпийский пр-кт, стр.21,ком",55.925107,37.754224,exact,"Россия, Московская область, Мытищи, Олимпийский проспект, 21",
,,,,,,,,"Московская обл., Московская обл., г.Мытищи, Осташковское ш., вл.22с.1/1",55.961767,37.666926,number,"Россия, Московская область, Мытищи, Осташковское шоссе, 22к1",
,,,,,,,,"Московская обл., Московская обл., г.Мытищи, п.Вешки, 2-й км Липкинского ш, стр.8",55.918767,37.57165,exact,"Россия, Московская область, городской округ Мытищи, посёлок Вешки, Липкинское шоссе, 2-й километр, с8",
,,,,,,,,"Московская обл., Московская обл., г.Мытищи, п.Птицефабрики, Дмитровское ш, стр.4",55.9957,37.536949,exact,"Россия, Московская область, городской округ Мытищи, посёлок Птицефабрики, Дмитровское шоссе, с4",
,,,,,,,,"Московская обл., Московская обл., г.Мытищи, Селезнева ул., 33",55.89183,37.727607,exact,"Россия, Московская область, Мытищи, улица Селезнёва, 33",
,,,,,,,,"Московская обл., Московская обл., г.Мытищи, Троицкая ул, стр.7",55.90519,37.699921,exact,"Россия, Московская область, Мытищи, Троицкая улица, 7",
,,,,,,,,"Московская обл., Московская обл., г.Мытищи, Шараповский пр., вл.2",55.916678,37.759264,exact,"Россия, Московская область, Мытищи, Шараповский проезд, вл2",
,,,,,,,,"Московская обл., Московская обл., г.Наро-Фоминск, 73 км Киевского шоссе, 3 п.1",55.366558,36.758037,exact,"Россия, Московская область, Наро-Фоминск, Киевское шоссе, 73-й километр, 3",
,,,,,,,,"Московская обл., Московская обл., г.Ногинск, 3-го Интернационала ул., 62",55.855962,38.441696,exact,"Россия, Московская область, Богородский городской округ, Ногинск, улица 3-го Интернационала, 62",
,,,,,,,,"Московская обл., Московская обл., г.Одинцово, Белорусская ул, 5",55.663456,37.303423,exact,"Россия, Московская область, Одинцово, Белорусская улица, 5",
,,,,,,,,"Московская обл., Московская обл., г.Одинцово, Маршала Крылова б-р, 21",55.68767,37.299182,exact,"Россия, Московская область, Одинцово, бульвар Маршала Крылова, 21",
,,,,,,,,"Московская обл., Московская обл., г.Одинцово, Маршала Неделина ул., 6",55.678433,37.268146,exact,"Россия, Московская область, Одинцово, улица Маршала Неделина, 6",
,,,,,,,,"Московская обл., Московская обл., г.Одинцово, Можайское ш, 133А ком.1",55.684442,37.296155,exact,"Россия, Московская область, Одинцово, Можайское шоссе, 133А",
,,,,,,,,"Московская обл., Московская обл., г.Одинцово, Можайское ш., 159 к.13",55.68667,37.30583,number,"Россия, Московская область, Одинцово, Можайское шоссе, 159",
,,,,,,,,"Московская обл., Московская обл., г.Одинцово, Ракетчиков ул, стр.11",55.656306,37.271056,exact,"Россия, Московская область, Одинцово, улица Ракетчиков, с11",
,,,,,,,,"Московская обл., Московская обл., г.Одинцово, Триумфальная ул, 3",55.657398,37.23569,exact,"Россия, Московская область, Одинцово, Триумфальная улица, 3",
,,,,,,,,"Московская обл., Московская обл., г.Одинцово, Чистяковой ул., 3",55.694408,37.33145,exact,"Россия, Московская область, Одинцово, улица Чистяковой, 3",
,,,,,,,,"Московская обл., Московская обл., г.Орехово-Зуево, Ленина ул., 78",55.807997,38.987395,exact,"Россия, Московская область, Орехово-Зуево, улица Ленина, 78",
,,,,,,,,"Московская обл., Московская обл., г.Подольск, Комсомольская ул, 24",55.427402,37.558939,exact,"Россия, Московская область, Подольск, Комсомольская улица, 24",
,,,,,,,,"Московская обл., Московская обл., г.Подольск, Красногвардейский б-р, 44В к.38",55.432122,37.493847,number,"Россия, Московская область, Подольск, Красногвардейский бульвар, 44В",
,,,,,,,,"Московская обл., Московская обл., г.Подольск, Ленинградская ул., 21",55.42426,37.493389,exact,"Россия, Московская область, Подольск, Ленинградская улица, 21",
,,,,,,,,"Московская обл., Московская обл., г.Подольск, Машиностроителей ул., 22",55.408297,37.571947,exact,"Россия, Московская область, Подольск, улица Машиностроителей, 22",
,,,,,,,,"Московская обл., Московская обл., г.Подольск, Октябрьский пр-кт, 9В к.38,63",55.431136,37.544997,other,"Россия, Московская область, Подольск",
,,,,,,,,"Московская обл., Московская обл., г.Подольск, Профсоюзная ул, 1Б к.12, 30",55.431136,37.544997,other,"Россия, Московская область, Подольск",
,,,,,,,,"Московская обл., Московская обл., г.Подольск, Свердлова ул., 26",55.424316,37.538305,exact,"Россия, Московская область, Подольск, улица Свердлова, 26",
,,,,,,,,"Московская обл., Московская обл., г.Подольск, Симферопольская (Климовск мкр)ул., 35",55.367965,37.532888,exact,"Россия, Московская область, Подольск, Симферопольская улица, 35",
,,,,,,,,"Московская обл., Московская обл., г.Подольск, Советская ул, 20/44",55.430135,37.550091,exact,"Россия, Московская область, Подольск, Советская улица, 20",
,,,,,,,,"Московская обл., Московская обл., г.Подольск, Юбилейная ул, 2",55.418773,37.501591,exact,"Россия, Московская область, Подольск, Юбилейная улица, 2",
,,,,,,,,"Московская обл., Московская обл., г.Протвино, Ленина ул., 22 к.102",54.873481,37.220643,number,"Россия, Московская область, городской округ Серпухов, Протвино, улица Ленина, 22",
,,,,,,,,"Московская обл., Московская обл., г.Пушкино, Институтская ул, с.29",56.019309,37.861447,exact,"Россия, Московская область, Пушкино, Институтская улица, 29",
,,,,,,,,"Московская обл., Московская обл., г.Пушкино, Московский пр-кт, 7-А",56.011686,37.847352,exact,"Россия, Московская область, Пушкино, Московский проспект, 7А",
,,,,,,,,"Московская обл., Московская обл., г.Раменское, Вокзальная ул., 4Б",55.565829,38.226657,exact,"Россия, Московская область, Раменское, Вокзальная улица, 4Б",
,,,,,,,,"Московская обл., Московская обл., г.Раменское, Донинское ш., 16",55.586212,38.249313,exact,"Россия, Московская область, Раменское, Донинское шоссе, 16",
,,,,,,,,"Московская обл., Московская обл., г.Раменское, Народное имение ул, 1А",55.572289,38.231625,exact,"Россия, Московская область, Раменское, улица Народное Имение, 1А",
,,,,,,,,"Московская обл., Московская обл., г.Раменское,с.Софьино, Логистический технопарк Софьино тер,",55.498337,38.157379,other,"Россия, Московская область, Раменский муниципальный округ, территория Логистический технопарк Софьино",
,,,,,,,,"Московская обл., Московская обл., г.Реутов, Новая ул, 3 п.002,к3,4",55.760565,37.85506,other,"Россия, Московская область, Реутов",
,,,,,,,,"Московская обл., Московская обл., г.Реутов, Октября ул., вл. 10",55.751898,37.859201,exact,"Россия, Московская область, Реутов, улица Октября, 10",
,,,,,,,,"Московская обл., Московская обл., г.Реутов, Юбилейный пр-кт, 41",55.752278,37.873799,exact,"Россия, Московская область, Реутов, Юбилейный проспект, 41",
,,,,,,,,"Московская обл., Московская обл., г.Реутов, Юбилейный пр-кт, 57",55.753671,37.881776,exact,"Россия, Московская область, Реутов, Юбилейный проспект, 57",
,,,,,,,,"Московская обл., Московская обл., г.Реутов, Южная ул., 10А к.1031,к64",55.747176,37.86213,number,"Россия, Московская область, Реутов, Южная улица, 10А",
,,,,,,,,"Московская обл., Московская обл., г.Сергиев Посад, Вознесенская ул., 32-А",56.303876,38.133178,exact,"Россия, Московская область, Сергиев Посад, Вознесенская улица, 32А",
,,,,,,,,"Московская обл., Московская обл., г.Серпухов, Борисовское ш, 17-А",54.915482,37.435816,exact,"Россия, Московская область, Серпухов, Борисовское шоссе, 17А",
,,,,,,,,"Московская обл., Московская обл., г.Серпухов, Борисовское ш., 1",54.917795,37.427067,exact,"Россия, Московская область, Серпухов, Борисовское шоссе, 1",
,,,,,,,,"Московская обл., Московская обл., г.Серпухов, Советская ул, 111",54.935048,37.44842,exact,"Россия, Московская область, Серпухов, Советская улица, 111",
,,,,,,,,"Московская обл., Московская обл., г.Серпухов,Ивановский дворик мкр-н, Московское ш., 55",54.942098,37.405211,exact,"Россия, Московская область, Серпухов, Московское шоссе, 55",
,,,,,,,,"Московская обл., Московская обл., г.Солнечногорск, Обуховская ул, стр.44А",56.180227,36.956826,exact,"Россия, Московская область, Солнечногорск, Обуховская улица, 44А",
,,,,,,,,"Московская обл., Московская обл., г.Солнечногорск,д.Голиково, Горетовская ул., стр.1",55.938082,37.314068,exact,"Россия, Московская область, городской округ Химки, деревня Голиково, Горетовская улица, 1",
,,,,,,,,"Московская обл., Московская обл., г.Солнечногорск,д.Голубое, Тверецкий пр-д, стр.2А",55.983726,37.098876,exact,"Россия, Московская область, городской округ Солнечногорск, посёлок городского типа Голубое, Тверецкий проезд, 2А",
,,,,,,,,"Московская обл., Московская обл., г.Солнечногорск,д.Литвиново, П/1",56.113065,37.186938,exact,"Россия, Московская область, городской округ Солнечногорск, деревня Литвиново, 1",
,,,,,,,,"Московская обл., Московская обл., г.Старая Купавна, Акрихиновское ш, 12",55.818225,38.173459,exact,"Россия, Московская область, Богородский городской округ, Старая Купавна, Акрихиновское шоссе, 12",
,,,,,,,,"Московская обл., Московская обл., г.Ступино, Горького ул., вл.26",54.890935,38.063343,exact,"Россия, Московская область, Ступино, улица Горького, вл26",
,,,,,,,,"Московская обл., Московская обл., г.Ступино, Победы пр-кт, 63А",54.898256,38.078794,exact,"Россия, Московская область, Ступино, проспект Победы, 63А",
,,,,,,,,"Московская обл., Московская обл., г.Химки, 9 Мая ул, 8А",55.901571,37.415496,exact,"Россия, Московская область, Химки, улица 9 Мая, 8А",
,,,,,,,,"Московская обл., Московская обл., г.Химки, Дружбы ул, стр.1А",55.89927,37.408912,exact,"Россия, Московская область, Химки, улица Дружбы, 1А",
,,,,,,,,"Московская обл., Московская обл., г.Химки, Кудрявцева ул., 4",55.898129,37.457816,exact,"Россия, Московская область, Химки, улица Кудрявцева, 4",
,,,,,,,,"Московская обл., Московская обл., г.Химки, Ленинградское ш, вл.5",55.888669,37.433669,exact,"Россия, Московская область, Химки, Ленинградское шоссе, 5",
,,,,,,,,"Московская обл., Московская обл., г.Химки, Молодежная ул., 2",55.878733,37.423348,exact,"Россия, Московская область, Химки, Молодёжная улица, 2",
,,,,,,,,"Московская обл., Московская обл., г.Химки,мкр.Подрезково, Кирилловка кв-л, вл.55Г 1-33,35-38",55.94568,37.33613,other,"Россия, Московская область, Химки, микрорайон Подрезково",
,,,,,,,,"Московская обл., Московская обл., г.Чехов, Московская ул., вл.96 к.№ 36,35",55.14235,37.454357,other,"Россия, Московская область, Чехов",
,,,,,,,,"Московская обл., Московская обл., г.Чехов, Симферопольское ш, 1",55.161517,37.4682,exact,"Россия, Московская область, Чехов, Симферопольское шоссе, 1",
,,,,,,,,"Московская обл., Московская обл., г.Щёлково, Пролетарский пр-кт, 4 к.3,п.Х",55.917052,37.997173,exact,"Россия, Московская область, Щёлково, Пролетарский проспект, 4к3",
,,,,,,,,"Московская обл., Московская обл., г.Электросталь, Ленина пр-кт, 10",55.799279,38.437644,exact,"Россия, Московская область, Электросталь, проспект Ленина, 10",
,,,,,,,,"Московская обл., Московская обл., г.Электросталь, Мира ул, 22 пом.2",55.775155,38.445217,exact,"Россия, Московская область, Электросталь, улица Мира, 22, подъезд 1, этаж 1, кв. 2",
,,,,,,,,"Московская обл., Московская обл., го.Дмитровский, с.Озерецкое, Весенняя ул, 9В ком.101",56.076981,37.378638,exact,"Россия, Московская область, Дмитровский муниципальный округ, село Озерецкое, Весенняя улица, 9В",
,,,,,,,,"Московская обл., Московская обл., го.Домодедово,г.Домодедово, Северный мкр,Каширское ш, с.3А",55.451967,37.763207,exact,"Россия, Московская область, Домодедово, микрорайон Северный, улица Каширское Шоссе, 3А",
,,,,,,,,"Московская обл., Московская обл., го.Истра, д.Холщевики, 3",55.916275,36.689451,exact,"Россия, Московская область, муниципальный округ Истра, деревня Холщёвики, 3",
,,,,,,,,"Московская обл., Московская обл., го.Красногорск, д.Путилково, Спасо-Тушинский б-р, 1",55.872496,37.399381,exact,"Россия, Московская область, городской округ Красногорск, посёлок городского типа Путилково, Спасо-Тушинский бульвар, 1",
,,,,,,,,"Московская обл., Московская обл., го.Ленинский, рп.Бутово, 8 корп.1",55.542844,37.584937,near,"Россия, Московская область, Ленинский городской округ, посёлок городского типа Бутово, 14",
,,,,,,,,"Московская обл., Московская обл., го.Мытищи, г.Мытищи, Мира ул, 32/2",55.921107,37.719316,exact,"Россия, Московская область, Мытищи, улица Мира, с32/2",
,,,,,,,,"Московская обл., Московская обл., го.Мытищи,п.Пирогово, южнее д.Коргашино,",55.972106,37.750245,other,"Россия, Московская область, городской округ Мытищи, деревня Коргашино",
,,,,,,,,"Московская обл., Московская обл., го.Одинцовский, п.НИИ Радио, стр.23Ж",55.568578,36.997968,exact,"Россия, Московская область, Одинцовский городской округ, посёлок НИИ Радио, 23Ж",
,,,,,,,,"Московская обл., Московская обл., го.Химки, Транспортный проезд, стр.9",55.914196,37.41175,exact,"Россия, Московская область, Химки, Транспортный проезд, с9",
,,,,,,,,"Московская обл., Московская обл., гп.Горки Ленинские,д.Сапроново, Северный (Купелинка мкр) кв-л, 2",55.537011,37.72157,exact,"Россия, Московская область, Ленинский городской округ, деревня Сапроново, микрорайон Купелинка, квартал Северный, 2",
,,,,,,,,"Московская обл., Московская обл., гп.Снегири,дп.Снегири, Московская ул, зд.12",55.887766,37.037099,exact,"Россия, Московская область, муниципальный округ Истра, посёлок городского типа Снегири, Московская улица, 12",
,,,,,,,,"Московская обл., Московская обл., д.Брехово, стр.66М",55.927352,37.1962,exact,"Россия, Московская область, городской округ Химки, деревня Брёхово, 66М",
,,,,,,,,"Московская обл., Московская обл., д.Голубое, Сургутский пр-д, 1 к.3",55.973768,37.100107,exact,"Россия, Московская область, городской округ Солнечногорск, посёлок городского типа Голубое, Сургутский проезд, 1к3",
,,,,,,,,"Московская обл., Московская обл., д.Лапино, ГП-3, стр.25",55.681311,37.142903,near,"Россия, Московская область, Одинцовский городской округ, деревня Лапино, территория ГП-3, 27",
,,,,,,,,"Московская обл., Московская обл., д.Новинки, 115 стр 2",55.810506,37.128179,exact,"Россия, Московская область, муниципальный округ Истра, деревня Новинки, 115с2",
,,,,,,,,"Московская обл., Московская обл., д.Островцы, Подмосковная ул, 37",55.599809,37.982764,exact,"Россия, Московская область, городской округ Люберцы, деревня Островцы, Подмосковная улица, 37",
,,,,,,,,"Московская обл., Московская обл., д.Покровское, Центральная ул, 14А п.1-39",55.810501,37.003224,exact,"Россия, Московская область, муниципальный округ Истра, деревня Покровское, Центральная улица, 14А",
,,,,,,,,"Московская обл., Московская обл., д.Сафонтьево, зд.62,п.1",55.972,36.821988,exact,"Россия, Московская область, муниципальный округ Истра, деревня Сафонтьево, 62",
,,,,,,,,"Московская обл., Московская обл., д.Солослово, КИЗ Горки-8, 275",55.706031,37.160438,exact,"Россия, Московская область, Одинцовский городской округ, деревня Солослово, КИЗ Горки-8, 275",
,,,,,,,,"Московская обл., Московская обл., д.Черная Грязь, с2А,п1,к89",55.9753,37.311085,exact,"Россия, Московская область, городской округ Химки, деревня Чёрная Грязь, 2А",
,,,,,,,,"Московская обл., Московская обл., Наро-Фоминск г,д.Алабино,",55.5254,37.000852,other,"Россия, Московская область, Наро-Фоминский городской округ, деревня Алабино",
,,,,,,,,"Московская обл., Московская обл., п.Вешки, Заводская ул, стр.16",55.925546,37.601708,exact,"Россия, Московская область, городской округ Мытищи, посёлок Вешки, Заводская улица, с16",
,,,,,,,,"Московская обл., Московская обл., п.ВНИИССОК, Кленовая ул, 1",55.659368,37.199335,exact,"Россия, Московская область, Одинцовский городской округ, посёлок городского типа ВНИИССОК, Кленовая улица, 1",
,,,,,,,,"Московская обл., Московская обл., п.Горки-10, без ул., 30 А",55.706386,37.020965,exact,"Россия, Московская область, Одинцовский городской округ, посёлок Горки-10, 30А",
,,,,,,,,"Московская обл., Московская обл., п.Горки-10,Успенское с/п, 23",55.705255,37.026364,exact,"Россия, Московская область, Одинцовский городской округ, посёлок Горки-10, 23",
,,,,,,,,"Московская обл., Московская обл., п.Горки-2, 17",55.701339,37.120696,near,"Россия, Московская область, Одинцовский городской округ, посёлок Горки-2, территория ПЖСК Лесной Простор, Изумрудная улица, 15",
,,,,,,,,"Московская обл., Московская обл., п.Лесной городок, Центральная ул., 8",55.632632,37.211516,exact,"Россия, Московская область, Одинцовский городской округ, посёлок городского типа Лесной Городок, Центральная улица, 8",
,,,,,,,,"Московская обл., Московская обл., п.Совхоза им.Ленина, 5А",55.586654,37.735683,exact,"Россия, Московская область, Ленинский городской округ, посёлок Совхоза имени Ленина, 5А",
,,,,,,,,"Московская обл., Московская обл., с.Верзилово, Новое Ступино мкр, Петра Великого ул., стр.1",55.024394,38.090598,exact,"Россия, Московская область, городской округ Ступино, село Верзилово, микрорайон Новое Ступино, улица Петра Великого, с1",
,,,,,,,,"Мурманская обл., Мурманская обл., г.Апатиты, Козлова ул, 10",67.570755,33.36846,exact,"Россия, Мурманская область, Апатиты, улица Козлова, 10",
,,,,,,,,"Мурманская обл., Мурманская обл., г.Кола, Защитников Заполярья пр-кт, 13",68.881214,33.026615,exact,"Россия, Мурманская область, Кола, проспект Защитников Заполярья, 13",
,,,,,,,,"Мурманская обл., Мурманская обл., г.Мурманск, Баумана ул, 33",68.908322,33.081125,exact,"Россия, Мурманск, улица Баумана, 33",
,,,,,,,,"Мурманская обл., Мурманская обл., г.Мурманск, Героев Рыбачьего ул, 51",68.888479,33.097349,exact,"Россия, Мурманск, улица Героев Рыбачьего, 51",
,,,,,,,,"Мурманская обл., Мурманская обл., г.Мурманск, Героев Североморцев пр-кт, 38",69.00144,33.095839,exact,"Россия, Мурманск, проспект Героев-Североморцев, 38",
,,,,,,,,"Мурманская обл., Мурманская обл., г.Мурманск, Карла Маркса ул, 38/1",68.968214,33.100304,exact,"Россия, Мурманск, улица Карла Маркса, 38к1",
,,,,,,,,"Мурманская обл., Мурманская обл., г.Мурманск, Кирова пр-кт, 51А",68.950269,33.097322,exact,"Россия, Мурманск, проспект Кирова, 51А",
,,,,,,,,"Мурманская обл., Мурманская обл., г.Мурманск, Ленинградская ул, 45005",68.970837,33.073373,street,"Россия, Мурманск, Ленинградская улица",
,,,,,,,,"Мурманская обл., Мурманская обл., г.Мурманск, Лобова ул, 40",69.024094,33.087467,exact,"Россия, Мурманск, улица Адмирала Флота Лобова, 40",
,,,,,,,,"Мурманская обл., Мурманская обл., г.Мурманск, Мира ул, 6",68.976789,33.109449,exact,"Россия, Мурманск, улица Мира, 6",
,,,,,,,,"Нижегородская обл., Нижегородская обл., г.Арзамас, Парковая ул., 1А пом.2-4",55.400834,43.831866,exact,"Россия, Нижегородская область, Арзамас, Парковая улица, 1А",
,,,,,,,,"Нижегородская обл., Нижегородская обл., г.Бор, Пушкина ул., 102",56.359958,44.052726,exact,"Россия, Нижегородская область, Бор, улица Пушкина, 102",
,,,,,,,,"Нижегородская обл., Нижегородская обл., г.Дзержинск, Циолковского пр-кт, 49",56.229616,43.424399,exact,"Россия, Нижегородская область, Дзержинск, проспект Циолковского, 49",
,,,,,,,,"Нижегородская обл., Нижегородская обл., г.Дзержинск, Циолковского пр-кт, 61",56.226909,43.41547,exact,"Россия, Нижегородская область, Дзержинск, проспект Циолковского, 61",
,,,,,,,,"Нижегородская обл., Нижегородская обл., г.Заволжье, Железнодорожная ул., 18А",56.64248,43.399857,number,"Россия, Нижегородская область, Городецкий муниципальный округ, Заволжье, Железнодорожная улица, 18",
,,,,,,,,"Нижегородская обл., Нижегородская обл., г.Нижний Новгород, Большая Покровская ул., 82",56.308975,43.987292,exact,"Россия, Нижний Новгород, Большая Покровская улица, 82",
,,,,,,,,"Нижегородская обл., Нижегородская обл., г.Нижний Новгород, Бурнаковская ул, 103А",56.342276,43.906669,exact,"Россия, Нижний Новгород, Бурнаковская улица, 103А",
,,,,,,,,"Нижегородская обл., Нижегородская обл., г.Нижний Новгород, Гагарина пр-кт, 228",56.228215,43.945215,exact,"Россия, Нижний Новгород, проспект Гагарина, 228",
,,,,,,,,"Нижегородская обл., Нижегородская обл., г.Нижний Новгород, Казанское ш., 4А",56.294596,44.07725,exact,"Россия, Нижний Новгород, Казанское шоссе, 4А",
,,,,,,,,"Нижегородская обл., Нижегородская обл., г.Нижний Новгород, Карла Маркса ул., 7А",56.344017,43.927078,exact,"Россия, Нижний Новгород, жилой район Мещерское Озеро, улица Карла Маркса, 7А",
,,,,,,,,"Нижегородская обл., Нижегородская обл., г.Нижний Новгород, Ленина пр-кт, 33 п.П1,ВП18",56.291798,43.937032,number,"Россия, Нижний Новгород, проспект Ленина, 18к6",
,,,,,,,,"Нижегородская обл., Нижегородская обл., г.Нижний Новгород, Мещерский б-р, 10 Б",56.339208,43.935693,exact,"Россия, Нижний Новгород, жилой район Мещерское Озеро, Мещерский бульвар, 10Б",
,,,,,,,,"Нижегородская обл., Нижегородская обл., г.Нижний Новгород, Молодежный пр-кт, 33,п.П3 35,п.П4",56.326797,44.006516,other,"Россия, Нижний Новгород",
,,,,,,,,"Нижегородская обл., Нижегородская обл., г.Нижний Новгород, Плотникова ул, 3А",56.259398,43.857198,exact,"Россия, Нижний Новгород, улица Плотникова, 3А",
,,,,,,,,"Нижегородская обл., Нижегородская обл., г.Нижний Новгород, Романтиков ул, 19 п.П1,П12",56.275114,44.053705,number,"Россия, Нижний Новгород, улица Романтиков, 19",
,,,,,,,,"Нижегородская обл., Нижегородская обл., г.Нижний Новгород, Сергея Есенина ул., 30 п.П1",56.334218,43.936403,number,"Россия, Нижний Новгород, жилой район Мещерское Озеро, улица Сергея Есенина, 30",
,,,,,,,,"Нижегородская обл., Нижегородская обл., г.Нижний Новгород, Советская ул., 12 пом.П27",56.325549,43.958205,exact,"Россия, Нижний Новгород, Советская улица, 12",
,,,,,,,,"Нижегородская обл., Нижегородская обл., г.Нижний Новгород, Сормовское ш., 1Д п.3,4,5",56.326797,44.006516,other,"Россия, Нижний Новгород",
,,,,,,,,"Нижегородская обл., Нижегородская обл., г.Нижний Новгород, Чаадаева ул., 5Д пом.П1",56.329986,43.856444,exact,"Россия, Нижний Новгород, улица Чаадаева, 5Д",
,,,,,,,,"Нижегородская обл., Нижегородская обл., г.Нижний Новгород, Южное ш., 35 п.П3",56.227945,43.863675,number,"Россия, Нижний Новгород, Южное шоссе, 35",
,,,,,,,,"Нижегородская обл., Нижегородская обл., г.Саров, Московская ул, 4",54.939889,43.326096,exact,"Россия, Нижегородская область, Саров, Московская улица, 4",
,,,,,,,,"Новгородская обл., Новгородская обл., г.Великий Новгород, Большая Санкт-Петербургская ул, 130",58.565204,31.280102,exact,"Россия, Великий Новгород, Большая Санкт-Петербургская улица, 130",
,,,,,,,,"Новгородская обл., Новгородская обл., г.Великий Новгород, Ломоносова ул, 29 ч.п.1.38",58.531498,31.242974,number,"Россия, Великий Новгород, улица Ломоносова, 29",
,,,,,,,,"Оренбургская обл., Оренбургская обл., г.Оренбург, 8 Марта ул., 42",51.77059,55.104178,exact,"Россия, Оренбург, улица 8 Марта, 42",
,,,,,,,,"Орловская обл., Орловская обл., г.Орёл, Гагарина ул., 51 п.148",52.955493,36.074339,exact,"Россия, Орёл, улица Гагарина, 51",
,,,,,,,,"Орловская обл., Орловская обл., г.Орёл, Ливенская ул, 68А",52.950501,36.110433,exact,"Россия, Орёл, Ливенская улица, 68А",
,,,,,,,,"Орловская обл., Орловская обл., г.Орёл, Октябрьская ул., 122 п.141",52.98513,36.073853,exact,"Россия, Орёл, Октябрьская улица, 122",
,,,,,,,,"Пензенская обл., Пензенская обл., г.Пенза, Плеханова ул., 19",53.200269,45.012082,exact,"Россия, Пенза, улица Плеханова, 19",
,,,,,,,,"Пензенская обл., Пензенская обл., г.Пенза, Суворова ул., 144 А",53.202572,44.997861,exact,"Россия, Пенза, улица Суворова, 144А",
,,,,,,,,"Пермский край, Пермский край, г.Пермь, Гагарина б-р, 91",57.996024,56.288418,exact,"Россия, Пермь, бульвар Гагарина, 91",
,,,,,,,,"Пермский край, Пермский край, г.Пермь, Космонавтов ш, 65",57.993262,56.209231,exact,"Россия, Пермь, шоссе Космонавтов, 65",
,,,,,,,,"Пермский край, Пермский край, г.Пермь, Куйбышева ул, 37",58.007432,56.235112,exact,"Россия, Пермь, улица Куйбышева, 37",
,,,,,,,,"Пермский край, Пермский край, г.Пермь, Николая Островского ул, 91",58.001948,56.267972,exact,"Россия, Пермь, улица Николая Островского, 91",
,,,,,,,,"Пермский край, Пермский край, г.Пермь, Пермская ул., 7",58.016419,56.258926,exact,"Россия, Пермь, Пермская улица, 7",
,,,,,,,,"Пермский край, Пермский край, г.Пермь, Петропавловская ул, 73А",58.011671,56.227278,exact,"Россия, Пермь, Петропавловская улица, 73А",
,,,,,,,,"Пермский край, Пермский край, г.Пермь, Революции ул, 24",58.004785,56.257093,exact,"Россия, Пермь, улица Революции, 24",
,,,,,,,,"Пермский край, Пермский край, г.Пермь, Уинская ул, 15,А",58.006154,56.309079,exact,"Россия, Пермь, Уинская улица, 15А",
,,,,,,,,"Пермский край, Пермский край, г.Пермь, Уральская ул, 85",58.026581,56.294706,exact,"Россия, Пермь, Уральская улица, 85",
,,,,,,,,"Псковская обл., Псковская обл., г.Псков, Кузбасской Дивизии ул, 19",57.823454,28.289952,exact,"Россия, Псков, улица Кузбасской Дивизии, 19",
,,,,,,,,"Респ. Башкортостан, Респ. Башкортостан, г.Ишимбай, Стахановская ул, 35",53.438618,56.046816,exact,"Россия, Республика Башкортостан, Ишимбай, Стахановская улица, 35",
,,,,,,,,"Респ. Башкортостан, Респ. Башкортостан, г.Ишимбай, Стахановская ул, 92",53.449473,56.037761,exact,"Россия, Республика Башкортостан, Ишимбай, Стахановская улица, 92",
,,,,,,,,"Респ. Башкортостан, Респ. Башкортостан, г.Стерлитамак, Артема ул, 96",53.622585,55.901594,exact,"Россия, Республика Башкортостан, Стерлитамак, улица Артёма, 96",
,,,,,,,,"Респ. Башкортостан, Респ. Башкортостан, г.Стерлитамак, Мира ул, 1Б",53.611715,55.952987,exact,"Россия, Республика Башкортостан, Стерлитамак, улица Мира, 1Б",
,,,,,,,,"Респ. Башкортостан, Респ. Башкортостан, г.Уфа, Верхнеторговая пл, 1",54.724833,55.944174,exact,"Россия, Республика Башкортостан, городской округ Уфа, Кировский район, Верхнеторговая площадь, 1",
,,,,,,,,"Респ. Башкортостан, Респ. Башкортостан, г.Уфа, Георгия Мушникова ул, 13",54.780891,56.114719,exact,"Россия, Республика Башкортостан, Уфа, улица Георгия Мушникова, 13",
,,,,,,,,"Респ. Башкортостан, Респ. Башкортостан, г.Уфа, Магистральная ул, 2А",54.711026,55.834679,exact,"Россия, Республика Башкортостан, Уфа, Магистральная улица, 2А",
,,,,,,,,"Респ. Башкортостан, Респ. Башкортостан, г.Уфа, Октября пр-кт, 107А п.798",54.782786,56.031437,exact,"Россия, Республика Башкортостан, Уфа, проспект Октября, 107А",
,,,,,,,,"Респ. Башкортостан, Респ. Башкортостан, г.Уфа, Октября пр-кт, 34",54.749725,55.999978,exact,"Россия, Республика Башкортостан, Уфа, проспект Октября, 34",
,,,,,,,,"Респ. Башкортостан, Респ. Башкортостан, г.Уфа, Революционная ул, 52 №п.1-22,24",54.748717,56.051056,other,"Россия, Республика Башкортостан, городской округ Уфа",
,,,,,,,,"Респ. Башкортостан, Респ. Башкортостан, г.Уфа, Степана Кувыкина ул., 18",54.707686,55.999789,exact,"Россия, Республика Башкортостан, Уфа, улица Степана Кувыкина, 18",
,,,,,,,,"Республика Карелия, Республика Карелия, г.Петрозаводск, Интернационалистов(Древлянка р-н)б-р, 25",61.785021,34.346878,other,"Россия, Республика Карелия, Петрозаводск",
,,,,,,,,"Республика Карелия, Республика Карелия, г.Петрозаводск, Ленина пр-кт, 14 п.3",61.791031,34.363542,exact,"Россия, Республика Карелия, Петрозаводск, проспект Ленина, 14, подъезд 3",
,,,,,,,,"Республика Карелия, Республика Карелия, г.Петрозаводск, Маршала Мерецкова ул, 11 п.1",61.776356,34.370396,exact,"Россия, Республика Карелия, Петрозаводск, улица Маршала Мерецкова, 11",
,,,,,,,,"Республика Карелия, Республика Карелия, г.Петрозаводск, Чапаева ул, 45",61.78235,34.322264,exact,"Россия, Республика Карелия, Петрозаводск, улица Чапаева, 45",
,,,,,,,,"Республика Марий Эл, Республика Марий Эл, г.Волжск, 107 Бригады ул, 5",55.882752,48.382192,exact,"Россия, Республика Марий Эл, Волжск, улица 107-й Бригады, 5",
,,,,,,,,"Республика Марий Эл, Республика Марий Эл, г.Йошкар-Ола, Карла Маркса ул., 101",56.627921,47.896761,exact,"Россия, Республика Марий Эл, Йошкар-Ола, улица Карла Маркса, 101",
,,,,,,,,"Республика Марий Эл, Республика Марий Эл, г.Йошкар-Ола, Кирова ул, 6",56.627921,47.929998,exact,"Россия, Республика Марий Эл, Йошкар-Ола, улица Кирова, 6",
,,,,,,,,"Республика Марий Эл, Республика Марий Эл, г.Йошкар-Ола, Красноармейская ул., 111",56.644198,47.858322,exact,"Россия, Республика Марий Эл, Йошкар-Ола, Красноармейская улица, 111",
,,,,,,,,"Республика Мордовия, Республика Мордовия, г.Саранск, Севастопольская ул, 44933 п.3",54.18542,45.22156,street,"Россия, Республика Мордовия, Саранск, Севастопольская улица",
,,,,,,,,"Республика Мордовия, Республика Мордовия, г.Саранск, Советская ул., 55А",54.182311,45.180363,exact,"Россия, Республика Мордовия, Саранск, Советская улица, 55А",
,,,,,,,,"Республика Татарстан, Республика Татарстан, г.Альметьевск, Ленина ул., 100",54.899379,52.274017,exact,"Россия, Республика Татарстан (Татарстан), Альметьевск, улица Ленина, 100",
,,,,,,,,"Республика Татарстан, Республика Татарстан, г.Казань, Ибрагимова пр-кт, 56",55.821173,49.093397,exact,"Россия, Республика Татарстан (Татарстан), Казань, проспект Ибрагимова, 56",
,,,,,,,,"Республика Татарстан, Республика Татарстан, г.Казань, Кул Гали ул, 9А",55.751437,49.230965,exact,"Россия, Республика Татарстан (Татарстан), Казань, улица Кул Гали, 9А",
,,,,,,,,"Республика Татарстан, Республика Татарстан, г.Казань, Кулахметова ул, 28",55.829962,49.062181,exact,"Россия, Республика Татарстан (Татарстан), Казань, улица Кулахметова, 28",
,,,,,,,,"Республика Татарстан, Республика Татарстан, г.Казань, Победы пр-т, 50 Б",55.748306,49.206567,exact,"Россия, Республика Татарстан (Татарстан), Казань, проспект Победы, 50Б",
,,,,,,,,"Республика Татарстан, Республика Татарстан, г.Казань, Сибирский тракт ул., 34 1",55.818989,49.183831,exact,"Россия, Республика Татарстан (Татарстан), Казань, улица Сибирский Тракт, 34к1",
,,,,,,,,"Республика Татарстан, Республика Татарстан, г.Казань, Спартаковская ул., 6",55.778517,49.129564,exact,"Россия, Республика Татарстан (Татарстан), Казань, Спартаковская улица, 6",
,,,,,,,,"Республика Татарстан, Республика Татарстан, г.Казань, Чистопольская ул., 69",55.819924,49.141637,exact,"Россия, Республика Татарстан (Татарстан), Казань, Чистопольская улица, 69",
,,,,,,,,"Республика Татарстан, Республика Татарстан, г.Казань, Ямашева пр-кт, 93",55.826028,49.148805,exact,"Россия, Республика Татарстан (Татарстан), Казань, проспект Ямашева, 93",
,,,,,,,,"Республика Татарстан, Республика Татарстан, г.Набережные Челны, им Вахитова пр-кт, 16А п.1",55.746603,52.42497,exact,"Россия, Республика Татарстан (Татарстан), Набережные Челны, проспект Вахитова, 16А",
,,,,,,,,"Республика Татарстан, Республика Татарстан, г.Набережные Челны, им Габдуллы Тукая наб, 2",55.6729,52.294921,exact,"Россия, Республика Татарстан (Татарстан), Набережные Челны, посёлок ГЭС, набережная Габдуллы Тукая, 2",
,,,,,,,,"Республика Татарстан, Республика Татарстан, г.Набережные Челны, Мира пр-т, 3",55.724895,52.380962,exact,"Россия, Республика Татарстан (Татарстан), Набережные Челны, проспект Мира, 3",
,,,,,,,,"Республика Татарстан, Республика Татарстан, г.Набережные Челны, Сююмбике пр-кт, 40",55.751791,52.409411,exact,"Россия, Республика Татарстан (Татарстан), Набережные Челны, проспект Сююмбике, 40",
,,,,,,,,"Республика Татарстан, Республика Татарстан, г.Набережные Челны, Сююмбике пр-кт, 43497",55.753904,52.411523,street,"Россия, Республика Татарстан (Татарстан), Набережные Челны, проспект Сююмбике",
,,,,,,,,"Республика Татарстан, Республика Татарстан, г.Набережные Челны, Яшьлек пр-кт, 14",55.761801,52.453267,exact,"Россия, Республика Татарстан (Татарстан), Набережные Челны, проспект Яшьлек, 14",
,,,,,,,,"Республика Татарстан, Республика Татарстан, г.Нижнекамск, Химиков ул., 18",55.62026,51.791254,exact,"Россия, Республика Татарстан (Татарстан), Нижнекамск, проспект Химиков, 18",
,,,,,,,,"Республика Татарстан, Республика Татарстан, с.Осиново, Садовая ул, 9",55.872905,48.882338,exact,"Россия, Республика Татарстан (Татарстан), Зеленодольский район, Осиновское сельское поселение, село Осиново, Садовая улица, 9",
,,,,,,,,"Республика Удмуртия, Республика Удмуртия, г.Ижевск, 10 лет Октября ул, 53",56.8726,53.227139,exact,"Россия, Удмуртская Республика, Ижевск, улица 10 лет Октября, 53",
,,,,,,,,"Республика Удмуртия, Республика Удмуртия, г.Ижевск, 9 Января ул, 219А",56.878374,53.255642,exact,"Россия, Удмуртская Республика, Ижевск, улица 9 Января, 219А",
,,,,,,,,"Республика Удмуртия, Республика Удмуртия, г.Ижевск, Ворошилова ул, 44",56.876102,53.268416,exact,"Россия, Удмуртская Республика, Ижевск, улица Ворошилова, 44",
,,,,,,,,"Республика Удмуртия, Республика Удмуртия, г.Ижевск, им Петрова ул, 29",56.871901,53.292932,exact,"Россия, Удмуртская Республика, Ижевск, улица Михаила Петрова, 29",
,,,,,,,,"Республика Удмуртия, Республика Удмуртия, г.Ижевск, Славянское ш, 0/24",56.919941,53.231765,exact,"Россия, Удмуртская Республика, Ижевск, Славянское шоссе, 0/24",
,,,,,,,,"Республика Удмуртия, Республика Удмуртия, г.Ижевск, Холмогорова ул, 11",56.87684,53.204483,exact,"Россия, Удмуртская Республика, Ижевск, улица Холмогорова, 11",
,,,,,,,,"Республика Удмуртия, Республика Удмуртия, д.Пирогово, Высотная ул, 1Б",56.788056,53.161481,exact,"Россия, Удмуртская Республика, Завьяловский район, деревня Пирогово, Высотная улица, 1Б",
,,,,,,,,"Ростовская обл., Ростовская обл., г.Азов, Привокзальная ул., 10 Б",47.098887,39.418542,exact,"Россия, Ростовская область, Азов, Привокзальная улица, 10Б",
,,,,,,,,"Ростовская обл., Ростовская обл., г.Новочеркасск, Магнитный пер, 1",47.425289,40.054378,exact,"Россия, Ростовская область, Новочеркасск, Магнитный переулок, 1",
,,,,,,,,"Ростовская обл., Ростовская обл., г.Новочеркасск, Платовский пр-т, 59 А",47.411004,40.104064,exact,"Россия, Ростовская область, Новочеркасск, Платовский проспект, 59А",
,,,,,,,,"Ростовская обл., Ростовская обл., г.Ростов-на-Дону, 40-летия Победы пр-кт, зд.37Л,с.1",47.241328,39.80665,number,"Россия, Ростов-на-Дону, проспект 40-летия Победы, 37Л",
,,,,,,,,"Ростовская обл., Ростовская обл., г.Ростов-на-Дону, Батуринская ул, 157/31",47.202374,39.651385,exact,"Россия, Ростов-на-Дону, Батуринская улица, 157/31",
,,,,,,,,"Ростовская обл., Ростовская обл., г.Ростов-на-Дону, Берегова ул, 6",47.212555,39.703766,exact,"Россия, Ростов-на-Дону, Береговая улица, 6",
,,,,,,,,"Ростовская обл., Ростовская обл., г.Ростов-на-Дону, Буденновский пр-кт, 49",47.224936,39.704673,exact,"Россия, Ростов-на-Дону, Буденновский проспект, 49/97",
,,,,,,,,"Ростовская обл., Ростовская обл., г.Ростов-на-Дону, Зорге ул., 33",47.229281,39.628532,exact,"Россия, Ростов-на-Дону, улица Зорге, 33",
,,,,,,,,"Ростовская обл., Ростовская обл., г.Ростов-на-Дону, Кировский пр-кт, 63/105/66",47.231924,39.727248,number,"Россия, Ростов-на-Дону, Кировский проспект, 63/72",
,,,,,,,,"Ростовская обл., Ростовская обл., г.Ростов-на-Дону, Коммунистический пр-т, 32",47.208698,39.62952,exact,"Россия, Ростов-на-Дону, Западный, Коммунистический проспект, 32",
,,,,,,,,"Ростовская обл., Ростовская обл., г.Ростов-на-Дону, Королева пр-кт, 20А",47.294733,39.711357,exact,"Россия, Ростов-на-Дону, проспект Королёва, 20А",
,,,,,,,,"Ростовская обл., Ростовская обл., г.Ростов-на-Дону, Космонавтов пр-кт, 19А/28Ж",47.289428,39.713513,exact,"Россия, Ростов-на-Дону, микрорайон Северный, проспект Космонавтов, 19А/28Ж",
,,,,,,,,"Ростовская обл., Ростовская обл., г.Ростов-на-Дону, Космонавтов ул., 2 2",47.281219,39.717555,exact,"Россия, Ростов-на-Дону, микрорайон Северный, проспект Космонавтов, 2/2",
,,,,,,,,"Ростовская обл., Ростовская обл., г.Ростов-на-Дону, Красноармейская ул., 133/117",47.23223,39.730976,exact,"Россия, Ростов-на-Дону, Красноармейская улица, 133",
,,,,,,,,"Ростовская обл., Ростовская обл., г.Ростов-на-Дону, Портовая ул, 456 ком.2-33",47.19281,39.640569,exact,"Россия, Ростов-на-Дону, Портовая улица, 456",
,,,,,,,,"Ростовская обл., Ростовская обл., г.Ростов-на-Дону, Сельмаш пр-кт, 2",47.244497,39.765669,exact,"Россия, Ростов-на-Дону, проспект Сельмаш, 2",
,,,,,,,,"Ростовская обл., Ростовская обл., г.Ростов-на-Дону, Стачки пр-т, 25",47.210651,39.672424,exact,"Россия, Ростов-на-Дону, проспект Стачки, 25",
,,,,,,,,"Ростовская обл., Ростовская обл., г.Ростов-на-Дону, Текучева ул., 139/А",47.235075,39.705473,exact,"Россия, Ростов-на-Дону, улица Текучёва, 139А",
,,,,,,,,"Ростовская обл., Ростовская обл., г.Таганрог, Бакинская ул., 65",47.276456,38.915126,exact,"Россия, Ростовская область, Таганрог, Бакинская улица, 65",
,,,,,,,,"Ростовская обл., Ростовская обл., г.Таганрог, Гоголевский пер., 2 кор.2",47.219648,38.920318,exact,"Россия, Ростовская область, Таганрог, Гоголевский переулок, 2-2",
,,,,,,,,"Рязанская обл., Рязанская обл., г.Рязань, Введенская ул, 115 п.Н123",54.618389,39.744774,exact,"Россия, Рязань, Введенская улица, 115",
,,,,,,,,"Рязанская обл., Рязанская обл., г.Рязань, Ленина ул, 21 Н2",54.623993,39.75152,number,"Россия, Рязань, улица Ленина, 21",
,,,,,,,,"Рязанская обл., Рязанская обл., г.Рязань, Олимпийский городок мкр, с.1А,э1,п6",54.602142,39.791927,exact,"Россия, Рязань, микрорайон Олимпийский Городок, 1А",
,,,,,,,,"Рязанская обл., Рязанская обл., г.Рязань, Первомайский пр-кт, 70 к.1",54.630315,39.709883,exact,"Россия, Рязань, Первомайский проспект, 70к1",
,,,,,,,,"Рязанская обл., Рязанская обл., г.Рязань, Пролетарская ул, 17 п.Н1",54.623248,39.734273,exact,"Россия, Рязань, Пролетарская улица, 17",
,,,,,,,,"Рязанская обл., Рязанская обл., г.Рязань, Соборная ул., 15 А",54.630201,39.739833,exact,"Россия, Рязань, Соборная улица, 15А",
,,,,,,,,"Рязанская обл., Рязанская обл., г.Рязань, Чкалова ул, 18 п.Н712",54.626996,39.702616,exact,"Россия, Рязань, улица Чкалова, 18",
,,,,,,,,"Самарская обл., Самарская обл., г.Новокуйбышевск, Победы пр-т, квартал 22",53.094489,49.975696,street,"Россия, Самарская область, Новокуйбышевск, проспект Победы",
,,,,,,,,"Самарская обл., Самарская обл., г.Самара, 18 км Московского шоссе тер, 25Д",53.275644,50.271098,number,"Россия, Самара, территория 18-й километр Московского шоссе, 25А",
,,,,,,,,"Самарская обл., Самарская обл., г.Самара, Аэродромная ул., 13",53.190677,50.179092,exact,"Россия, Самара, Аэродромная улица, 13",
,,,,,,,,"Самарская обл., Самарская обл., г.Самара, Белорусская ул., 131",53.142627,50.041551,exact,"Россия, Самара, Белорусская улица, 131",
,,,,,,,,"Самарская обл., Самарская обл., г.Самара, Больничная ул, 8 п.Н3",53.203198,50.131131,exact,"Россия, Самара, Больничная улица, 8",
,,,,,,,,"Самарская обл., Самарская обл., г.Самара, Георгия Димитрова ул, 7",53.251428,50.238884,exact,"Россия, Самара, улица Георгия Димитрова, 7",
,,,,,,,,"Самарская обл., Самарская обл., г.Самара, Георгия Димитрова ул., 1а",53.250275,50.24351,exact,"Россия, Самара, улица Георгия Димитрова, 1А",
,,,,,,,,"Самарская обл., Самарская обл., г.Самара, Дачная ул., 2",53.201882,50.141686,exact,"Россия, Самара, Дачная улица, 2",
,,,,,,,,"Самарская обл., Самарская обл., г.Самара, Зои Космодемьянской ул., 7 лит. А",53.260182,50.231752,exact,"Россия, Самара, улица Зои Космодемьянской, 7А",
,,,,,,,,"Самарская обл., Самарская обл., г.Самара, Кирова пр-кт, 147",53.220568,50.263004,exact,"Россия, Самара, проспект Кирова, 147",
,,,,,,,,"Самарская обл., Самарская обл., г.Самара, Лесная ул, 33",53.215483,50.134069,exact,"Россия, Самара, Лесная улица, 33",
,,,,,,,,"Самарская обл., Самарская обл., г.Самара, Мичурина ул., 138",53.217014,50.167567,exact,"Россия, Самара, улица Мичурина, 138",
,,,,,,,,"Самарская обл., Самарская обл., г.Самара, Молодогвардейская ул, 209",53.204778,50.117755,exact,"Россия, Самара, Молодогвардейская улица, 209",
,,,,,,,,"Самарская обл., Самарская обл., г.Самара, Московское ш, 185А",53.248751,50.220594,exact,"Россия, Самара, Московское шоссе, 185А",
,,,,,,,,"Самарская обл., Самарская обл., г.Самара, Московское ш, 25",53.218756,50.189872,exact,"Россия, Самара, Московское шоссе, 25",
,,,,,,,,"Самарская обл., Самарская обл., г.Самара, Московское ш, 81А",53.233678,50.199978,exact,"Россия, Самара, Московское шоссе, 81А",
,,,,,,,,"Самарская обл., Самарская обл., г.Самара, Московское ш., 28",53.210258,50.17328,exact,"Россия, Самара, Московское шоссе, 28",
,,,,,,,,"Самарская обл., Самарская обл., г.Самара, Ново-Садовая ул, 106",53.217214,50.149071,exact,"Россия, Самара, Ново-Садовая улица, 106",
,,,,,,,,"Самарская обл., Самарская обл., г.Самара, Ново-Садовая ул, 363\'Б\'",53.255275,50.211683,exact,"Россия, Самара, Ново-Садовая улица, 363Б",
,,,,,,,,"Самарская обл., Самарская обл., г.Самара, Ново-Садовая ул, вл.160М",53.224606,50.167953,exact,"Россия, Самара, Ново-Садовая улица, 160М",
,,,,,,,,"Самарская обл., Самарская обл., г.Самара, Ново-Садовая ул., 305А",53.236507,50.191184,exact,"Россия, Самара, Ново-Садовая улица, 305А",
,,,,,,,,"Самарская обл., Самарская обл., г.Самара, Ново-Садовая ул., 349А п1",53.253772,50.210354,exact,"Россия, Самара, Ново-Садовая улица, 349А",
,,,,,,,,"Самарская обл., Самарская обл., г.Самара, Рабочая ул/Самарская ул, 15/130",53.194416,50.105412,exact,"Россия, Самара, Рабочая улица, 15",
,,,,,,,,"Самарская обл., Самарская обл., г.Самара, Солнечная ул, 24",53.246283,50.193384,exact,"Россия, Самара, Солнечная улица, 24",
,,,,,,,,"Самарская обл., Самарская обл., г.Самара, Солнечная ул. /Девятая просека, б/н",53.254725,50.2027,street,"Россия, Самара, Солнечная улица",
,,,,,,,,"Самарская обл., Самарская обл., г.Самара, Тухачевского ул, 233",53.198289,50.16074,exact,"Россия, Самара, улица Тухачевского, 233",
,,,,,,,,"Самарская обл., Самарская обл., г.Самара, Тухачевского ул, 84 п.Н2,Н4,д.",53.195878,50.100202,other,"Россия, Самара",
,,,,,,,,"Самарская обл., Самарская обл., г.Самара, Чернореченская ул, 38",53.199794,50.144363,exact,"Россия, Самара, Чернореченская улица, 38",
,,,,,,,,"Самарская обл., Самарская обл., г.Самара,п.Управленческий, Сергея Лазо ул, 62",53.347075,50.232416,exact,"Россия, Самара, посёлок Управленческий, улица Сергея Лазо, 62",
,,,,,,,,"Самарская обл., Самарская обл., г.Самара,р-н Ленинский, Водников ул, 28/30",53.181337,50.076442,exact,"Россия, Самара, улица Водников, 28/30",
,,,,,,,,"Самарская обл., Самарская обл., г.Сызрань, 50 лет Октября пр., 54 А",53.121794,48.399826,exact,"Россия, Самарская область, Сызрань, проспект 50 лет Октября, 54А",
,,,,,,,,"Самарская обл., Самарская обл., г.Тольятти, Дзержинского ул, 21",53.533677,49.319647,exact,"Россия, Самарская область, Тольятти, улица Дзержинского, 21",
,,,,,,,,"Самарская обл., Самарская обл., г.Тольятти, Революционная ул., 52А",53.517924,49.27192,exact,"Россия, Самарская область, Тольятти, Революционная улица, 52А",
,,,,,,,,"Самарская обл., Самарская обл., г.Тольятти, Спортивная ул, 4В",53.499262,49.287901,exact,"Россия, Самарская область, Тольятти, Спортивная улица, 4В",
,,,,,,,,"Самарская обл., Самарская обл., г.Тольятти, Тополиная ул, 44",53.535989,49.343102,exact,"Россия, Самарская область, Тольятти, Тополиная улица, 44",
,,,,,,,,"Саратовская обл., Саратовская обл., г.Балаково, Трнавская ул., 24",52.022697,47.829468,exact,"Россия, Саратовская область, Балаково, Трнавская улица, 24",
,,,,,,,,"Саратовская обл., Саратовская обл., г.Саратов, Зарубина В.С ул., 167",51.541568,46.014206,exact,"Россия, Саратов, улица имени В.С. Зарубина, 167",
,,,,,,,,"Саратовская обл., Саратовская обл., г.Саратов, им.Василия Люкшина ул, зд.5",51.531506,46.017746,exact,"Россия, Саратов, улица имени Василия Люкшина, 5",
,,,,,,,,"Саратовская обл., Саратовская обл., г.Саратов, Московская ул, 113/117",51.536347,46.022183,exact,"Россия, Саратов, Московская улица, 113-117",
,,,,,,,,"Саратовская обл., Саратовская обл., г.Саратов, Ново-Астраханское ш, 80",51.491523,45.915445,exact,"Россия, Саратов, Ново-Астраханское шоссе, 80",
,,,,,,,,"Саратовская обл., Саратовская обл., г.Саратов, Соколовая ул., 18/40",51.531159,46.063039,exact,"Россия, Саратов, Соколовая улица, 18/40",
,,,,,,,,"Саратовская обл., Саратовская обл., г.Энгельс, Ленина пл., 4",51.502564,46.118438,exact,"Россия, Саратовская область, Энгельс, площадь Ленина, 4",
,,,,,,,,"Свердловская обл., Свердловская обл., г.Березовский, Березовский тракт, стр.15",56.890157,60.744708,exact,"Россия, Свердловская область, Берёзовский, Берёзовский тракт, 15",
,,,,,,,,"Свердловская обл., Свердловская обл., г.Березовский, Театральная ул, 6",56.907151,60.810797,exact,"Россия, Свердловская область, Берёзовский, Театральная улица, 6",
,,,,,,,,"Свердловская обл., Свердловская обл., г.Екатеринбург, 8 Марта ул, 149",56.806905,60.612324,exact,"Россия, Свердловская область, Екатеринбург, улица 8 Марта, 149",
,,,,,,,,"Свердловская обл., Свердловская обл., г.Екатеринбург, 8 Марта ул., 188",56.804717,60.610383,exact,"Россия, Свердловская область, Екатеринбург, улица 8 Марта, 188",
,,,,,,,,"Свердловская обл., Свердловская обл., г.Екатеринбург, Амундсена ул, 65",56.79585,60.580945,exact,"Россия, Свердловская область, Екатеринбург, улица Амундсена, 65",
,,,,,,,,"Свердловская обл., Свердловская обл., г.Екатеринбург, Ангарская ул, 22",56.884374,60.499226,exact,"Россия, Свердловская область, Екатеринбург, Ангарская улица, 22",
,,,,,,,,"Свердловская обл., Свердловская обл., г.Екатеринбург, Белинского ул, 161/2",56.80589,60.625565,exact,"Россия, Свердловская область, Екатеринбург, улица Белинского, 161/2",
,,,,,,,,"Свердловская обл., Свердловская обл., г.Екатеринбург, Блюхера ул, 39",56.852381,60.640585,exact,"Россия, Свердловская область, Екатеринбург, улица Блюхера, 39",
,,,,,,,,"Свердловская обл., Свердловская обл., г.Екатеринбург, Братская ул, 27 к.3",56.776547,60.596765,exact,"Россия, Свердловская область, Екатеринбург, жилой район Вторчермет, Братская улица, 27к3",
,,,,,,,,"Свердловская обл., Свердловская обл., г.Екатеринбург, Викулова ул, 57 А",56.822952,60.543126,exact,"Россия, Свердловская область, Екатеринбург, улица Викулова, 57А",
,,,,,,,,"Свердловская обл., Свердловская обл., г.Екатеринбург, Евгения Савкова ул, с.41",56.788899,60.48302,exact,"Россия, Свердловская область, Екатеринбург, улица Евгения Савкова, с41",
,,,,,,,,"Свердловская обл., Свердловская обл., г.Екатеринбург, Красноармейская ул, стр.64",56.832398,60.617192,exact,"Россия, Свердловская область, Екатеринбург, Красноармейская улица, 64",
,,,,,,,,"Свердловская обл., Свердловская обл., г.Екатеринбург, Лучистая ул, 2",56.74607,60.570238,exact,"Россия, Свердловская область, Екатеринбург, Лучистая улица, 2",
,,,,,,,,"Свердловская обл., Свердловская обл., г.Екатеринбург, Малышева ул., 53",56.836401,60.615504,exact,"Россия, Свердловская область, Екатеринбург, улица Малышева, 53",
,,,,,,,,"Свердловская обл., Свердловская обл., г.Екатеринбург, Машинистов ул, 1",56.852416,60.57454,exact,"Россия, Свердловская область, Екатеринбург, улица Машинистов, 1",
,,,,,,,,"Свердловская обл., Свердловская обл., г.Екатеринбург, Мельникова ул., 27",56.833176,60.569402,exact,"Россия, Свердловская область, Екатеринбург, улица Мельникова, 27",
,,,,,,,,"Свердловская обл., Свердловская обл., г.Екатеринбург, Николая Островского ул, 2 пом.2",56.798931,60.597439,exact,"Россия, Свердловская область, Екатеринбург, улица Николая Островского, 2, подъезд 1, этаж 1, кв. 2",
,,,,,,,,"Свердловская обл., Свердловская обл., г.Екатеринбург, Опалихинская ул, 15",56.848655,60.564443,exact,"Россия, Свердловская область, Екатеринбург, Опалихинская улица, 15",
,,,,,,,,"Свердловская обл., Свердловская обл., г.Екатеринбург, Петра Кожемяко б-р, 16 к.2",56.800055,60.492749,exact,"Россия, Свердловская область, Екатеринбург, бульвар Петра Кожемяко, 16/2",
,,,,,,,,"Свердловская обл., Свердловская обл., г.Екатеринбург, Посадская ул, 24",56.821686,60.570902,exact,"Россия, Свердловская область, Екатеринбург, Посадская улица, 24",
,,,,,,,,"Свердловская обл., Свердловская обл., г.Екатеринбург, Радищева ул., 33",56.828493,60.588545,exact,"Россия, Свердловская область, Екатеринбург, улица Радищева, 33",
,,,,,,,,"Свердловская обл., Свердловская обл., г.Екатеринбург, Раевского ул, 18А",56.860063,60.660554,exact,"Россия, Свердловская область, Екатеринбург, улица Раевского, 18А",
,,,,,,,,"Свердловская обл., Свердловская обл., г.Екатеринбург, Серова ул, 41",56.808088,60.599271,exact,"Россия, Свердловская область, Екатеринбург, улица Серова, 41",
,,,,,,,,"Свердловская обл., Свердловская обл., г.Екатеринбург, Сибирский тракт 1 км, 8",56.824749,60.645112,number,"Россия, Свердловская область, Екатеринбург, Сибирский тракт, 8Б",
,,,,,,,,"Свердловская обл., Свердловская обл., г.Екатеринбург, Степана Разина ул, 107",56.804949,60.615072,exact,"Россия, Свердловская область, Екатеринбург, улица Степана Разина, 107",
,,,,,,,,"Свердловская обл., Свердловская обл., г.Екатеринбург, Сулимова ул, 26",56.861825,60.644591,exact,"Россия, Свердловская область, Екатеринбург, улица Сулимова, 26",
,,,,,,,,"Свердловская обл., Свердловская обл., г.Екатеринбург, Сулимова ул, 50",56.863488,60.630766,exact,"Россия, Свердловская область, Екатеринбург, улица Сулимова, 50",
,,,,,,,,"Свердловская обл., Свердловская обл., г.Екатеринбург, Татищева ул, 20",56.836101,60.563015,exact,"Россия, Свердловская область, Екатеринбург, улица Татищева, 20",
,,,,,,,,"Свердловская обл., Свердловская обл., г.Екатеринбург, Тверитина ул, 45",56.820912,60.624684,exact,"Россия, Свердловская область, Екатеринбург, улица Тверитина, 45",
,,,,,,,,"Свердловская обл., Свердловская обл., г.Екатеринбург, Техническая ул, 63",56.869004,60.522977,exact,"Россия, Свердловская область, Екатеринбург, Техническая улица, 63",
,,,,,,,,"Свердловская обл., Свердловская обл., г.Екатеринбург, Щербакова ул, с.4,п.1",56.788554,60.649029,exact,"Россия, Свердловская область, Екатеринбург, улица Щербакова, 4",
,,,,,,,,"Свердловская обл., Свердловская обл., г.Заречный, Ленинградская ул, зд.9 п.15",56.797013,61.321454,exact,"Россия, Свердловская область, Заречный, Ленинградская улица, 9",
,,,,,,,,"Свердловская обл., Свердловская обл., г.Нижний Тагил, Ломоносова ул, 49 с.4",57.910359,59.959689,number,"Россия, Свердловская область, Нижний Тагил, улица Ломоносова, 49",
,,,,,,,,"Свердловская обл., Свердловская обл., г.Нижний Тагил, Садовая ул, 81",57.904683,59.996708,exact,"Россия, Свердловская область, Нижний Тагил, Садовая улица, 81",
,,,,,,,,"Свердловская обл., Свердловская обл., г.Нижний Тагил, Фрунзе ул, 56",57.922707,59.94033,exact,"Россия, Свердловская область, Нижний Тагил, улица Фрунзе, 56",
,,,,,,,,"Свердловская обл., Свердловская обл., г.Нижний Тагил, Юности ул, 16",57.910225,60.093475,exact,"Россия, Свердловская область, Нижний Тагил, улица Юности, 16",
,,,,,,,,"Свердловская обл., Свердловская обл., г.Полевской, Зеленый бор-1 мкр, 4А",56.505247,60.264164,exact,"Россия, Свердловская область, Полевской, микрорайон Зелёный Бор-1, 4А",
,,,,,,,,"Смоленская обл., Смоленская обл., г.Смоленск, Краснинское ш, 6Д",54.768947,32.002257,exact,"Россия, Смоленск, Краснинское шоссе, 6Д",
,,,,,,,,"Смоленская обл., Смоленская обл., г.Смоленск, Крупской ул, 42",54.765519,32.061717,exact,"Россия, Смоленск, улица Крупской, 42",
,,,,,,,,"Смоленская обл., Смоленская обл., г.Смоленск, Рыленкова ул, 63",54.757025,32.104674,exact,"Россия, Смоленск, улица Рыленкова, 63",
,,,,,,,,"Ставропольский край, Ставропольский край, г.Ессентуки, Октябрьская ул, 339",44.044714,42.880523,exact,"Россия, Ставропольский край, Ессентуки, Октябрьская улица, 339",
,,,,,,,,"Ставропольский край, Ставропольский край, г.Кисловодск, Победы пр-кт, 6",43.909226,42.718242,exact,"Россия, Ставропольский край, Кисловодск, проспект Победы, 6",
,,,,,,,,"Ставропольский край, Ставропольский край, г.Пятигорск, Ессентукская ул, 31А",44.051342,43.033982,exact,"Россия, Ставропольский край, Пятигорск, Ессентукская улица, 31А",
,,,,,,,,"Ставропольский край, Ставропольский край, г.Ставрополь, 45-я Параллель ул., 38 кв528,п969",44.999172,41.9139,exact,"Россия, Ставрополь, улица 45-я Параллель, 38, подъезд 9, этаж 8, кв. 528",
,,,,,,,,"Ставропольский край, Ставропольский край, г.Ставрополь, Артема ул., 49",45.033827,41.965185,exact,"Россия, Ставрополь, Ленинский район, микрорайон № 2, улица Артёма, 49",
,,,,,,,,"Ставропольский край, Ставропольский край, г.Ставрополь, Бруснева ул., 11Б",45.06417,41.931785,exact,"Россия, Ставрополь, Промышленный район, микрорайон № 19, улица Бруснева, 11Б",
,,,,,,,,"Ставропольский край, Ставропольский край, г.Ставрополь, Доваторцев ул, 61",45.004978,41.925937,exact,"Россия, Ставрополь, улица Доваторцев, 61",
,,,,,,,,"Ставропольский край, Ставропольский край, г.Ставрополь, Ленина ул, 74/17",45.042578,42.000444,exact,"Россия, Ставрополь, улица Ленина, 74/17",
,,,,,,,,"Ставропольский край, Ставропольский край, г.Ставрополь, Тухачевского ул, 29",45.018353,41.894146,exact,"Россия, Ставрополь, улица Тухачевского, 29",
,,,,,,,,"Тверская обл., Тверская обл., г.Тверь, Вагжанова ул, 21 пом.II",56.850471,35.939942,exact,"Россия, Тверь, улица Вагжанова, 21",
,,,,,,,,"Тверская обл., Тверская обл., г.Тверь, Гагарина пл., 5",56.846726,35.944415,exact,"Россия, Тверь, площадь Гагарина, 5",
,,,,,,,,"Тверская обл., Тверская обл., г.Тверь, Коминтерна ул, 20 к.1,п.I",56.834722,35.896921,number,"Россия, Тверь, улица Коминтерна, 20к1",
,,,,,,,,"Тверская обл., Тверская обл., г.Тверь, Комсомольский пр-кт, 11 п.НЕЖИЛ.V",56.871183,35.912678,number,"Россия, Тверь, Комсомольский проспект, 11",
,,,,,,,,"Тверская обл., Тверская обл., г.Тверь, Тверской пр-т, 2",56.853001,35.907827,exact,"Россия, Тверь, Тверской проспект, 2",
,,,,,,,,"Тверская обл., Тверская обл., г.Тверь, Цанова б-р, 8 п.VIII,IX",56.83001,35.917556,exact,"Россия, Тверь, бульвар Цанова, 8",
,,,,,,,,"Тульская обл., Тульская обл., г.Новомосковск, Комсомольская ул, 47/22",54.011374,38.303104,near,"Россия, Тульская область, Новомосковск, Комсомольская улица, 45",
,,,,,,,,"Тульская обл., Тульская обл., г.Новомосковск, Трудовые Резервы ул., 33Б",54.016014,38.286072,exact,"Россия, Тульская область, Новомосковск, улица Трудовые Резервы, 33Б",
,,,,,,,,"Тульская обл., Тульская обл., г.Тула, 9 Мая ул, 2",54.165014,37.584595,exact,"Россия, Тула, улица 9 Мая, 2",
,,,,,,,,"Тульская обл., Тульская обл., г.Тула, Калужское ш., 1А",54.155815,37.583293,exact,"Россия, Тула, Калужское шоссе, 1А",
,,,,,,,,"Тульская обл., Тульская обл., г.Тула, Кауля ул, 7 к.1",54.178928,37.635224,exact,"Россия, Тула, улица Кауля, 7к1",
,,,,,,,,"Тульская обл., Тульская обл., г.Тула, Красноармейский пр-кт, 8",54.196952,37.605355,exact,"Россия, Тула, Красноармейский проспект, 8",
,,,,,,,,"Тульская обл., Тульская обл., г.Тула, Лейтейзена ул., 18",54.191489,37.601546,exact,"Россия, Тула, улица Лейтейзена, 18",
,,,,,,,,"Тульская обл., Тульская обл., г.Тула, Ленина пр-кт, 122",54.152662,37.58349,exact,"Россия, Тула, проспект Ленина, 122",
,,,,,,,,"Тульская обл., Тульская обл., г.Тула, Ленина пр-кт, 83Б",54.177168,37.601007,exact,"Россия, Тула, проспект Ленина, 83Б",
,,,,,,,,"Тульская обл., Тульская обл., г.Тула, Ложевая ул, 122",54.201808,37.642546,exact,"Россия, Тула, Ложевая улица, 122",
,,,,,,,,"Тульская обл., Тульская обл., г.Тула, М.Горького ул, зд.7А",54.214219,37.618022,exact,"Россия, Тула, улица Максима Горького, 7А",
,,,,,,,,"Тульская обл., Тульская обл., г.Тула, Металлургов ул, стр.87",54.194813,37.665506,exact,"Россия, Тула, улица Металлургов, 87",
,,,,,,,,"Тульская обл., Тульская обл., г.Тула, Одоевское ш, 98",54.195076,37.543803,exact,"Россия, Тула, Одоевское шоссе, 98",
,,,,,,,,"Тульская обл., Тульская обл., г.Тула, Октябрьская ул, 91",54.216989,37.625352,exact,"Россия, Тула, Октябрьская улица, 91",
,,,,,,,,"Тульская обл., Тульская обл., г.Тула, Пролетарская ул, 2 пом.1",54.193359,37.635494,exact,"Россия, Тула, Пролетарская улица, 2, подъезд 1, этаж 1, кв. 1",
,,,,,,,,"Тульская обл., Тульская обл., г.Тула, Пролетарская ул, стр.22А",54.199432,37.636805,exact,"Россия, Тула, Пролетарская улица, 22А",
,,,,,,,,"Тульская обл., Тульская обл., г.Тула, Советская ул, 47",54.191779,37.618857,exact,"Россия, Тула, Советская улица, 47",
,,,,,,,,"Тульская обл., Тульская обл., г.Щекино, Советская ул, 2Б",54.011565,37.51255,exact,"Россия, Тульская область, Щёкино, Советская улица, 2Б",
,,,,,,,,"Тюменская обл., Тюменская обл., г.Тобольск, 7 мкр, 30",58.229197,68.274827,exact,"Россия, Тюменская область, Тобольск, 7-й микрорайон, 30",
,,,,,,,,"Тюменская обл., Тюменская обл., г.Тюмень, 50 лет Октября ул., 14",57.152384,65.567152,exact,"Россия, Тюмень, улица 50 лет Октября, 14",
,,,,,,,,"Тюменская обл., Тюменская обл., г.Тюмень, Андрея Кореневского ул, 5",57.139703,65.473215,exact,"Россия, Тюмень, улица Андрея Кореневского, 5",
,,,,,,,,"Тюменская обл., Тюменская обл., г.Тюмень, Валерии Гнаровской ул, 12",57.123451,65.562813,exact,"Россия, Тюмень, 6-й микрорайон, улица Валерии Гнаровской, 12",
,,,,,,,,"Тюменская обл., Тюменская обл., г.Тюмень, Герцена ул, 94",57.146051,65.541954,exact,"Россия, Тюмень, улица Герцена, 94",
,,,,,,,,"Тюменская обл., Тюменская обл., г.Тюмень, Западносибирская ул, 19",57.146984,65.659265,exact,"Россия, Тюмень, Западносибирская улица, 19",
,,,,,,,,"Тюменская обл., Тюменская обл., г.Тюмень, Максима Горького ул, 70",57.148966,65.560109,exact,"Россия, Тюмень, улица Максима Горького, 70",
,,,,,,,,"Тюменская обл., Тюменская обл., г.Тюмень, Мельникайте ул, 116 корп.2",57.128117,65.553543,exact,"Россия, Тюмень, улица Мельникайте, 116к2",
,,,,,,,,"Тюменская обл., Тюменская обл., г.Тюмень, Московский тракт ул, 118",57.135043,65.493805,exact,"Россия, Тюмень, улица Московский Тракт, 118",
,,,,,,,,"Тюменская обл., Тюменская обл., г.Тюмень, Пермякова ул., 50Б",57.118657,65.577249,exact,"Россия, Тюмень, улица Пермякова, 50Б",
,,,,,,,,"Тюменская обл., Тюменская обл., г.Тюмень, Уездная ул, 4",57.119903,65.512921,exact,"Россия, Тюмень, Уездная улица, 4",
,,,,,,,,"Тюменская обл., Тюменская обл., г.Тюмень, Широтная ул, 112Б",57.10703,65.589448,exact,"Россия, Тюмень, Широтная улица, 112Б",
,,,,,,,,"Тюменская обл., Тюменская обл., г.Тюмень, Широтная ул, 80",57.113624,65.571231,exact,"Россия, Тюмень, Широтная улица, 80",
,,,,,,,,"Тюменская обл., Тюменская обл., г.Тюмень, Ямская ул, 118",57.159638,65.482486,exact,"Россия, Тюмень, Ямская улица, 118",
,,,,,,,,"Ульяновская обл., Ульяновская обл., г.Ульяновск, Жигулевская ул., 9",54.278019,48.303293,exact,"Россия, Ульяновск, Жигулёвская улица, 9",
,,,,,,,,"Ульяновская обл., Ульяновская обл., г.Ульяновск, Радищева ул., 39",54.327205,48.401371,exact,"Россия, Ульяновск, улица Радищева, 39",
,,,,,,,,"Ульяновская обл., Ульяновская обл., г.Ульяновск, Ульяновский пр-т, 14",54.374506,48.582642,exact,"Россия, Ульяновск, Ульяновский проспект, 14",
,,,,,,,,"Ханты-Мансийский а.о, Ханты-Мансийский а.о, г.Когалым, Ленинградская ул, 29 ч.1",62.261732,74.474532,number,"Россия, Ханты-Мансийский автономный округ — Югра, Когалым, Ленинградская улица, 29",
,,,,,,,,"Ханты-Мансийский а.о, Ханты-Мансийский а.о, г.Нефтеюганск, 15 мкр, зд.6",61.077435,72.617041,exact,"Россия, Ханты-Мансийский автономный округ — Югра, Нефтеюганск, 15-й микрорайон, 6",
,,,,,,,,"Ханты-Мансийский а.о, Ханты-Мансийский а.о, г.Нижневартовск, Ленина ул, 8",60.938484,76.556261,exact,"Россия, Ханты-Мансийский автономный округ — Югра, Нижневартовск, улица Ленина, 8",
,,,,,,,,"Ханты-Мансийский а.о, Ханты-Мансийский а.о, г.Нижневартовск, Чапаева ул, 27",60.939611,76.597853,exact,"Россия, Ханты-Мансийский автономный округ — Югра, Нижневартовск, улица Чапаева, 27",
,,,,,,,,"Ханты-Мансийский а.о, Ханты-Мансийский а.о, г.Пыть-Ях, 1-й Центральный мкр, 20А",60.756796,72.844458,exact,"Россия, Ханты-Мансийский автономный округ — Югра, Пыть-Ях, микрорайон 1-й Центральный, 20А",
,,,,,,,,"Ханты-Мансийский а.о, Ханты-Мансийский а.о, г.Сургут, 30 лет Победы ул., 46",61.253944,73.43343,exact,"Россия, Ханты-Мансийский автономный округ — Югра, Сургут, улица 30 лет Победы, 46",
,,,,,,,,"Ханты-Мансийский а.о, Ханты-Мансийский а.о, г.Сургут, Геологическая ул, 10",61.237635,73.447048,exact,"Россия, Ханты-Мансийский автономный округ — Югра, Сургут, Геологическая улица, 10",
,,,,,,,,"Ханты-Мансийский а.о, Ханты-Мансийский а.о, г.Сургут, Игоря Киртбая ул., 11",61.270209,73.361061,exact,"Россия, Ханты-Мансийский автономный округ — Югра, Сургут, улица Игоря Киртбая, 11",
,,,,,,,,"Ханты-Мансийский а.о, Ханты-Мансийский а.о, г.Сургут, Ленина пр-кт, 13",61.250335,73.400605,exact,"Россия, Ханты-Мансийский автономный округ — Югра, Сургут, проспект Ленина, 13",
,,,,,,,,"Ханты-Мансийский а.о, Ханты-Мансийский а.о, г.Сургут, Профсоюзов ул., 11",61.26934,73.382154,exact,"Россия, Ханты-Мансийский автономный округ — Югра, Сургут, улица Профсоюзов, 11",
,,,,,,,,"Ханты-Мансийский а.о, Ханты-Мансийский а.о, г.Сургут, Юности ул., 8",61.24818,73.41823,exact,"Россия, Ханты-Мансийский автономный округ — Югра, Сургут, улица Юности, 8",
,,,,,,,,"Ханты-Мансийский а.о, Ханты-Мансийский а.о, г.Ханты-Мансийск, Мира ул, 45",61.006342,69.040291,exact,"Россия, Ханты-Мансийск, улица Мира, 45",
,,,,,,,,"Челябинская обл., Челябинская обл., г.Магнитогорск, Герцена ул., 6",53.430389,58.973231,exact,"Россия, Челябинская область, Магнитогорск, улица Герцена, 6",
,,,,,,,,"Челябинская обл., Челябинская обл., г.Магнитогорск, Грязнова ул, 26",53.39699,58.975396,exact,"Россия, Челябинская область, Магнитогорск, улица Грязнова, 26",
,,,,,,,,"Челябинская обл., Челябинская обл., г.Магнитогорск, Карла Маркса пр-кт, 210 п.1",53.358056,58.976779,exact,"Россия, Челябинская область, Магнитогорск, проспект Карла Маркса, 210",
,,,,,,,,"Челябинская обл., Челябинская обл., г.Челябинск, 40-летия Победы ул, 1",55.191778,61.281497,exact,"Россия, Челябинск, улица 40-летия Победы, 1",
,,,,,,,,"Челябинская обл., Челябинская обл., г.Челябинск, Братьев Кашириных ул., 99А п.18",55.17793,61.348008,exact,"Россия, Челябинск, улица Братьев Кашириных, 99А",
,,,,,,,,"Челябинская обл., Челябинская обл., г.Челябинск, Тернопольская ул, 6 п.31",55.156081,61.370071,exact,"Россия, Челябинск, Тернопольская улица, 6",
,,,,,,,,"Чувашская республика, Чувашская республика, г.Чебоксары, Ивана Яковлева пр-кт, 4Б",56.101976,47.265883,exact,"Россия, Чувашская Республика — Чувашия, Чебоксары, проспект И.Я. Яковлева, 4Б",
,,,,,,,,"Чувашская республика, Чувашская республика, г.Чебоксары, Ленинградская ул., 22",56.143579,47.247809,exact,"Россия, Чувашская Республика — Чувашия, Чебоксары, Ленинградская улица, 22",
,,,,,,,,"Чувашская республика, Чувашская республика, г.Чебоксары, Максима Горького пр-кт, 44936 с.1,п.1",56.146899,47.201644,exact,"Россия, Чувашская Республика — Чувашия, Чебоксары, проспект Максима Горького, 1",
,,,,,,,,"Чувашская республика, Чувашская республика, г.Чебоксары, Мира пр-кт, 82 В",56.111649,47.268155,exact,"Россия, Чувашская Республика — Чувашия, Чебоксары, проспект Мира, 82В",
,,,,,,,,"Ярославская обл., Ярославская обл., г.Ярославль, Калинина ул., 31",57.570555,39.862902,exact,"Россия, Ярославль, улица Калинина, 31",
,,,,,,,,"Ярославская обл., Ярославская обл., г.Ярославль, Московский пр-т, 125",57.595365,39.869334,exact,"Россия, Ярославль, Московский проспект, 125",
,,,,,,,,"Ярославская обл., Ярославская обл., г.Ярославль, Победы ул., 41",57.627759,39.871167,exact,"Россия, Ярославль, улица Победы, 41",
,,,,,,,,"Ярославская обл., Ярославская обл., г.Ярославль, Толбухина пр-кт, 21",57.62453,39.856992,exact,"Россия, Ярославль, проспект Толбухина, 21",
